[2026-08-20T11:03:49.576+0000] {manager.py:483} INFO - Processing files using up to 1 processes at a time 
[2026-08-20T11:03:49.577+0000] {manager.py:484} INFO - Process each file at most once every 30 seconds
[2026-08-20T11:03:49.577+0000] {manager.py:485} INFO - Checking for new files in /workspaces/lab-2/dags every 300 seconds
[2026-08-20T11:03:49.577+0000] {manager.py:821} INFO - Searching for files in /workspaces/lab-2/dags
[2026-08-20T11:03:49.627+0000] {manager.py:824} INFO - There are 57 files in /workspaces/lab-2/dags
[2026-08-20T11:03:49.907+0000] {manager.py:997} INFO - 
================================================================================
DAG File Processing Stats

File Path                                                                                                                             PID    Runtime      # DAGs    # Errors  Last Runtime    Last Run               Last # of DB Queries
------------------------------------------------------------------------------------------------------------------------------------  -----  ---------  --------  ----------  --------------  -------------------  ----------------------
/workspaces/lab-2/dags/etl_ingestion_dag.py                                                                                                                    0           1  0.12s           2026-08-20T11:03:49                       3
/workspaces/lab-2/.venv/lib/python3.12/site-packages/airflow/example_dags/example_dynamic_task_mapping_with_no_taskflow_operators.py                           0           0                                                            0
/workspaces/lab-2/.venv/lib/python3.12/site-packages/airflow/example_dags/example_datasets.py                                                                  0           0                                                            0
/workspaces/lab-2/.venv/lib/python3.12/site-packages/airflow/example_dags/example_python_decorator.py                                                          0           0                                                            0
/workspaces/lab-2/.venv/lib/python3.12/site-packages/airflow/example_dags/example_setup_teardown_taskflow.py                                                   0           0                                                            0
/workspaces/lab-2/.venv/lib/python3.12/site-packages/airflow/example_dags/example_xcomargs.py                                                                  0           0                                                            0
/workspaces/lab-2/.venv/lib/python3.12/site-packages/airflow/example_dags/example_branch_operator.py                                                           0           0                                                            0
/workspaces/lab-2/.venv/lib/python3.12/site-packages/airflow/example_dags/example_inlet_event_extra.py                                                         0           0                                                            0
/workspaces/lab-2/.venv/lib/python3.12/site-packages/airflow/example_dags/example_short_circuit_decorator.py                                                   0           0                                                            0
/workspaces/lab-2/.venv/lib/python3.12/site-packages/airflow/example_dags/example_short_circuit_operator.py                                                    0           0                                                            0
/workspaces/lab-2/.venv/lib/python3.12/site-packages/airflow/example_dags/example_bash_operator.py                                                             0           0                                                            0
/workspaces/lab-2/.venv/lib/python3.12/site-packages/airflow/example_dags/example_sla_dag.py                                                                   0           0                                                            0
/workspaces/lab-2/.venv/lib/python3.12/site-packages/airflow/example_dags/example_branch_datetime_operator.py                                                  0           0                                                            0
/workspaces/lab-2/.venv/lib/python3.12/site-packages/airflow/example_dags/example_trigger_controller_dag.py                                                    0           0                                                            0
/workspaces/lab-2/.venv/lib/python3.12/site-packages/airflow/example_dags/example_subdag_operator.py                                                           0           0                                                            0
/workspaces/lab-2/.venv/lib/python3.12/site-packages/airflow/example_dags/example_latest_only_with_trigger.py                                                  0           0                                                            0
/workspaces/lab-2/.venv/lib/python3.12/site-packages/airflow/example_dags/example_time_delta_sensor_async.py                                                   0           0                                                            0
/workspaces/lab-2/.venv/lib/python3.12/site-packages/airflow/example_dags/example_branch_day_of_week_operator.py                                               0           0                                                            0
/workspaces/lab-2/.venv/lib/python3.12/site-packages/airflow/example_dags/example_dataset_alias_with_no_taskflow.py                                            0           0                                                            0
/workspaces/lab-2/.venv/lib/python3.12/site-packages/airflow/example_dags/example_python_operator.py                                                           0           0                                                            0
/workspaces/lab-2/.venv/lib/python3.12/site-packages/airflow/example_dags/example_display_name.py                                                              0           0                                                            0
/workspaces/lab-2/.venv/lib/python3.12/site-packages/airflow/example_dags/example_passing_params_via_test_command.py                                           0           0                                                            0
/workspaces/lab-2/.venv/lib/python3.12/site-packages/airflow/example_dags/example_kubernetes_executor.py                                                       0           0                                                            0
/workspaces/lab-2/.venv/lib/python3.12/site-packages/airflow/example_dags/example_setup_teardown.py                                                            0           0                                                            0
/workspaces/lab-2/.venv/lib/python3.12/site-packages/airflow/example_dags/tutorial.py                                                                          0           0                                                            0
/workspaces/lab-2/.venv/lib/python3.12/site-packages/airflow/example_dags/example_dynamic_task_mapping.py                                                      0           0                                                            0
/workspaces/lab-2/.venv/lib/python3.12/site-packages/airflow/example_dags/example_local_kubernetes_executor.py                                                 0           0                                                            0
/workspaces/lab-2/.venv/lib/python3.12/site-packages/airflow/example_dags/example_sensors.py                                                                   0           0                                                            0
/workspaces/lab-2/.venv/lib/python3.12/site-packages/airflow/example_dags/example_dataset_alias.py                                                             0           0                                                            0
/workspaces/lab-2/.venv/lib/python3.12/site-packages/airflow/example_dags/example_params_trigger_ui.py                                                         0           0                                                            0
/workspaces/lab-2/.venv/lib/python3.12/site-packages/airflow/example_dags/example_params_ui_tutorial.py                                                        0           0                                                            0
/workspaces/lab-2/.venv/lib/python3.12/site-packages/airflow/example_dags/tutorial_taskflow_api.py                                                             0           0                                                            0
/workspaces/lab-2/.venv/lib/python3.12/site-packages/airflow/example_dags/example_outlet_event_extra.py                                                        0           0                                                            0
/workspaces/lab-2/.venv/lib/python3.12/site-packages/airflow/example_dags/example_trigger_target_dag.py                                                        0           0                                                            0
/workspaces/lab-2/.venv/lib/python3.12/site-packages/airflow/example_dags/example_skip_dag.py                                                                  0           0                                                            0
/workspaces/lab-2/.venv/lib/python3.12/site-packages/airflow/example_dags/tutorial_objectstorage.py                                                            0           0                                                            0
/workspaces/lab-2/.venv/lib/python3.12/site-packages/airflow/example_dags/example_latest_only.py                                                               0           0                                                            0
/workspaces/lab-2/.venv/lib/python3.12/site-packages/airflow/example_dags/example_dag_decorator.py                                                             0           0                                                            0
/workspaces/lab-2/.venv/lib/python3.12/site-packages/airflow/example_dags/example_external_task_marker_dag.py                                                  0           0                                                            0
/workspaces/lab-2/.venv/lib/python3.12/site-packages/airflow/example_dags/example_bash_decorator.py                                                            0           0                                                            0
/workspaces/lab-2/.venv/lib/python3.12/site-packages/airflow/example_dags/tutorial_taskflow_api_virtualenv.py                                                  0           0                                                            0
/workspaces/lab-2/.venv/lib/python3.12/site-packages/airflow/example_dags/example_branch_operator_decorator.py                                                 0           0                                                            0
/workspaces/lab-2/.venv/lib/python3.12/site-packages/airflow/example_dags/example_nested_branch_dag.py                                                         0           0                                                            0
/workspaces/lab-2/.venv/lib/python3.12/site-packages/airflow/example_dags/example_workday_timetable.py                                                         0           0                                                            0
/workspaces/lab-2/.venv/lib/python3.12/site-packages/airflow/example_dags/example_branch_labels.py                                                             0           0                                                            0
/workspaces/lab-2/.venv/lib/python3.12/site-packages/airflow/example_dags/example_xcom.py                                                                      0           0                                                            0
/workspaces/lab-2/.venv/lib/python3.12/site-packages/airflow/example_dags/example_task_group_decorator.py                                                      0           0                                                            0
/workspaces/lab-2/.venv/lib/python3.12/site-packages/airflow/example_dags/example_task_group.py                                                                0           0                                                            0
/workspaces/lab-2/.venv/lib/python3.12/site-packages/airflow/example_dags/tutorial_dag.py                                                                      0           0                                                            0
/workspaces/lab-2/.venv/lib/python3.12/site-packages/airflow/example_dags/example_sensor_decorator.py                                                          0           0                                                            0
/workspaces/lab-2/.venv/lib/python3.12/site-packages/airflow/example_dags/example_branch_python_dop_operator_3.py                                              0           0                                                            0
/workspaces/lab-2/.venv/lib/python3.12/site-packages/airflow/example_dags/example_complex.py                                                                   0           0                                                            0
/workspaces/lab-2/.venv/lib/python3.12/site-packages/airflow/example_dags/subdags/subdag.py                                                                    0           0                                                            0
/workspaces/lab-2/.venv/lib/python3.12/site-packages/airflow/example_dags/plugins/decreasing_priority_weight_strategy.py                                       0           0                                                            0
/workspaces/lab-2/.venv/lib/python3.12/site-packages/airflow/example_dags/plugins/listener_plugin.py                                                           0           0                                                            0
/workspaces/lab-2/.venv/lib/python3.12/site-packages/airflow/example_dags/plugins/workday.py                                                                   0           0                                                            0
/workspaces/lab-2/.venv/lib/python3.12/site-packages/airflow/example_dags/plugins/event_listener.py                                                            0           0                                                            0
================================================================================
[2026-08-20T11:04:20.107+0000] {manager.py:997} INFO - 
================================================================================
DAG File Processing Stats

File Path                                                                                                                             PID    Runtime      # DAGs    # Errors  Last Runtime    Last Run               Last # of DB Queries
------------------------------------------------------------------------------------------------------------------------------------  -----  ---------  --------  ----------  --------------  -------------------  ----------------------
/workspaces/lab-2/.venv/lib/python3.12/site-packages/airflow/example_dags/example_setup_teardown_taskflow.py                                                   1           0  0.31s           2026-08-20T11:04:14                      43
/workspaces/lab-2/.venv/lib/python3.12/site-packages/airflow/example_dags/example_short_circuit_decorator.py                                                   1           0  0.31s           2026-08-20T11:04:15                      43
/workspaces/lab-2/.venv/lib/python3.12/site-packages/airflow/example_dags/example_xcom.py                                                                      1           0  0.31s           2026-08-20T11:04:05                      45
/workspaces/lab-2/.venv/lib/python3.12/site-packages/airflow/example_dags/tutorial_taskflow_api.py                                                             1           0  0.31s           2026-08-20T11:03:57                      43
/workspaces/lab-2/.venv/lib/python3.12/site-packages/airflow/example_dags/example_sensors.py                                                                   1           0  0.31s           2026-08-20T11:04:19                      43
/workspaces/lab-2/.venv/lib/python3.12/site-packages/airflow/example_dags/example_subdag_operator.py                                                           3           0  0.31s           2026-08-20T11:04:10                      53
/workspaces/lab-2/.venv/lib/python3.12/site-packages/airflow/example_dags/example_xcomargs.py                                                                  2           0  0.31s           2026-08-20T11:04:01                      79
/workspaces/lab-2/.venv/lib/python3.12/site-packages/airflow/example_dags/tutorial_taskflow_api_virtualenv.py                                                  1           0  0.31s           2026-08-20T11:03:59                      43
/workspaces/lab-2/.venv/lib/python3.12/site-packages/airflow/example_dags/example_workday_timetable.py                                                         1           0  0.31s           2026-08-20T11:04:04                      45
/workspaces/lab-2/.venv/lib/python3.12/site-packages/airflow/example_dags/example_trigger_controller_dag.py                                                    1           0  0.31s           2026-08-20T11:04:09                      45
/workspaces/lab-2/.venv/lib/python3.12/site-packages/airflow/example_dags/example_sla_dag.py                                                                   1           0  0.21s           2026-08-20T11:04:07                      45
/workspaces/lab-2/.venv/lib/python3.12/site-packages/airflow/example_dags/example_task_group_decorator.py                                                      1           0  0.21s           2026-08-20T11:04:11                      43
/workspaces/lab-2/.venv/lib/python3.12/site-packages/airflow/example_dags/tutorial.py                                                                          1           0  0.21s           2026-08-20T11:04:02                      45
/workspaces/lab-2/.venv/lib/python3.12/site-packages/airflow/example_dags/tutorial_dag.py                                                                      1           0  0.21s           2026-08-20T11:04:06                      43
/workspaces/lab-2/.venv/lib/python3.12/site-packages/airflow/example_dags/example_skip_dag.py                                                                  1           0  0.21s           2026-08-20T11:04:20                      45
/workspaces/lab-2/.venv/lib/python3.12/site-packages/airflow/example_dags/tutorial_objectstorage.py                                                            1           0  0.21s           2026-08-20T11:03:58                      43
/workspaces/lab-2/.venv/lib/python3.12/site-packages/airflow/example_dags/example_task_group.py                                                                1           0  0.21s           2026-08-20T11:04:12                      43
/workspaces/lab-2/.venv/lib/python3.12/site-packages/airflow/example_dags/example_trigger_target_dag.py                                                        1           0  0.21s           2026-08-20T11:04:03                      43
/workspaces/lab-2/.venv/lib/python3.12/site-packages/airflow/example_dags/example_setup_teardown.py                                                            1           0  0.21s           2026-08-20T11:04:18                      43
/workspaces/lab-2/.venv/lib/python3.12/site-packages/airflow/example_dags/example_short_circuit_operator.py                                                    1           0  0.21s           2026-08-20T11:04:16                      43
/workspaces/lab-2/.venv/lib/python3.12/site-packages/airflow/example_dags/example_time_delta_sensor_async.py                                                   1           0  0.20s           2026-08-20T11:04:10                      43
/workspaces/lab-2/.venv/lib/python3.12/site-packages/airflow/example_dags/subdags/subdag.py                                                                    0           0  0.13s           2026-08-20T11:03:51                       3
/workspaces/lab-2/dags/etl_ingestion_dag.py                                                                                                                    0           1  0.12s           2026-08-20T11:03:49                       3
/workspaces/lab-2/.venv/lib/python3.12/site-packages/airflow/example_dags/plugins/decreasing_priority_weight_strategy.py                                       0           0  0.12s           2026-08-20T11:03:52                       3
/workspaces/lab-2/.venv/lib/python3.12/site-packages/airflow/example_dags/plugins/listener_plugin.py                                                           0           0  0.11s           2026-08-20T11:03:53                       3
/workspaces/lab-2/.venv/lib/python3.12/site-packages/airflow/example_dags/plugins/workday.py                                                                   0           0  0.11s           2026-08-20T11:03:54                       3
/workspaces/lab-2/.venv/lib/python3.12/site-packages/airflow/example_dags/plugins/event_listener.py                                                            0           0  0.10s           2026-08-20T11:03:55                       3
/workspaces/lab-2/.venv/lib/python3.12/site-packages/airflow/example_dags/example_dynamic_task_mapping_with_no_taskflow_operators.py                           0           0                                                            0
/workspaces/lab-2/.venv/lib/python3.12/site-packages/airflow/example_dags/example_datasets.py                                                                  0           0                                                            0
/workspaces/lab-2/.venv/lib/python3.12/site-packages/airflow/example_dags/example_python_decorator.py                                                          0           0                                                            0
/workspaces/lab-2/.venv/lib/python3.12/site-packages/airflow/example_dags/example_branch_operator.py                                                           0           0                                                            0
/workspaces/lab-2/.venv/lib/python3.12/site-packages/airflow/example_dags/example_inlet_event_extra.py                                                         0           0                                                            0
/workspaces/lab-2/.venv/lib/python3.12/site-packages/airflow/example_dags/example_bash_operator.py                                                             0           0                                                            0
/workspaces/lab-2/.venv/lib/python3.12/site-packages/airflow/example_dags/example_branch_datetime_operator.py                                                  0           0                                                            0
/workspaces/lab-2/.venv/lib/python3.12/site-packages/airflow/example_dags/example_latest_only_with_trigger.py                                                  0           0                                                            0
/workspaces/lab-2/.venv/lib/python3.12/site-packages/airflow/example_dags/example_branch_day_of_week_operator.py                                               0           0                                                            0
/workspaces/lab-2/.venv/lib/python3.12/site-packages/airflow/example_dags/example_dataset_alias_with_no_taskflow.py                                            0           0                                                            0
/workspaces/lab-2/.venv/lib/python3.12/site-packages/airflow/example_dags/example_python_operator.py                                                           0           0                                                            0
/workspaces/lab-2/.venv/lib/python3.12/site-packages/airflow/example_dags/example_display_name.py                                                              0           0                                                            0
/workspaces/lab-2/.venv/lib/python3.12/site-packages/airflow/example_dags/example_passing_params_via_test_command.py                                           0           0                                                            0
/workspaces/lab-2/.venv/lib/python3.12/site-packages/airflow/example_dags/example_kubernetes_executor.py                                                       0           0                                                            0
/workspaces/lab-2/.venv/lib/python3.12/site-packages/airflow/example_dags/example_dynamic_task_mapping.py                                                      0           0                                                            0
/workspaces/lab-2/.venv/lib/python3.12/site-packages/airflow/example_dags/example_local_kubernetes_executor.py                                                 0           0                                                            0
/workspaces/lab-2/.venv/lib/python3.12/site-packages/airflow/example_dags/example_dataset_alias.py                                                             0           0                                                            0
/workspaces/lab-2/.venv/lib/python3.12/site-packages/airflow/example_dags/example_params_trigger_ui.py                                                         0           0                                                            0
/workspaces/lab-2/.venv/lib/python3.12/site-packages/airflow/example_dags/example_params_ui_tutorial.py                                                        0           0                                                            0
/workspaces/lab-2/.venv/lib/python3.12/site-packages/airflow/example_dags/example_outlet_event_extra.py                                                        0           0                                                            0
/workspaces/lab-2/.venv/lib/python3.12/site-packages/airflow/example_dags/example_latest_only.py                                                               0           0                                                            0
/workspaces/lab-2/.venv/lib/python3.12/site-packages/airflow/example_dags/example_dag_decorator.py                                                             0           0                                                            0
/workspaces/lab-2/.venv/lib/python3.12/site-packages/airflow/example_dags/example_external_task_marker_dag.py                                                  0           0                                                            0
/workspaces/lab-2/.venv/lib/python3.12/site-packages/airflow/example_dags/example_bash_decorator.py                                                            0           0                                                            0
/workspaces/lab-2/.venv/lib/python3.12/site-packages/airflow/example_dags/example_branch_operator_decorator.py                                                 0           0                                                            0
/workspaces/lab-2/.venv/lib/python3.12/site-packages/airflow/example_dags/example_nested_branch_dag.py                                                         0           0                                                            0
/workspaces/lab-2/.venv/lib/python3.12/site-packages/airflow/example_dags/example_branch_labels.py                                                             0           0                                                            0
/workspaces/lab-2/.venv/lib/python3.12/site-packages/airflow/example_dags/example_sensor_decorator.py                                                          0           0                                                            0
/workspaces/lab-2/.venv/lib/python3.12/site-packages/airflow/example_dags/example_branch_python_dop_operator_3.py                                              0           0                                                            0
/workspaces/lab-2/.venv/lib/python3.12/site-packages/airflow/example_dags/example_complex.py                                                                   0           0                                                            0
================================================================================
[2026-08-20T11:04:50.795+0000] {manager.py:997} INFO - 
================================================================================
DAG File Processing Stats

File Path                                                                                                                             PID    Runtime      # DAGs    # Errors  Last Runtime    Last Run               Last # of DB Queries
------------------------------------------------------------------------------------------------------------------------------------  -----  ---------  --------  ----------  --------------  -------------------  ----------------------
/workspaces/lab-2/.venv/lib/python3.12/site-packages/airflow/example_dags/example_datasets.py                                                                 10           0  0.81s           2026-08-20T11:04:40                     379
/workspaces/lab-2/.venv/lib/python3.12/site-packages/airflow/example_dags/example_params_ui_tutorial.py                                                        1           0  0.61s           2026-08-20T11:04:23                      43
/workspaces/lab-2/.venv/lib/python3.12/site-packages/airflow/example_dags/example_dataset_alias_with_no_taskflow.py                                            4           0  0.51s           2026-08-20T11:04:42                     157
/workspaces/lab-2/.venv/lib/python3.12/site-packages/airflow/example_dags/example_sensor_decorator.py                                                          1           0  0.42s           2026-08-20T11:04:25                      43
/workspaces/lab-2/.venv/lib/python3.12/site-packages/airflow/example_dags/example_dataset_alias.py                                                             4           0  0.41s           2026-08-20T11:04:43                     157
/workspaces/lab-2/.venv/lib/python3.12/site-packages/airflow/example_dags/example_branch_datetime_operator.py                                                  3           0  0.41s           2026-08-20T11:04:50                     117
/workspaces/lab-2/.venv/lib/python3.12/site-packages/airflow/example_dags/example_outlet_event_extra.py                                                        3           0  0.41s           2026-08-20T11:04:30                     118
/workspaces/lab-2/.venv/lib/python3.12/site-packages/airflow/example_dags/example_passing_params_via_test_command.py                                           1           0  0.31s           2026-08-20T11:04:22                      45
/workspaces/lab-2/.venv/lib/python3.12/site-packages/airflow/example_dags/example_setup_teardown_taskflow.py                                                   1           0  0.31s           2026-08-20T11:04:14                      43
/workspaces/lab-2/.venv/lib/python3.12/site-packages/airflow/example_dags/example_short_circuit_decorator.py                                                   1           0  0.31s           2026-08-20T11:04:15                      43
/workspaces/lab-2/.venv/lib/python3.12/site-packages/airflow/example_dags/example_xcom.py                                                                      1           0  0.31s           2026-08-20T11:04:05                      45
/workspaces/lab-2/.venv/lib/python3.12/site-packages/airflow/example_dags/example_inlet_event_extra.py                                                         2           0  0.31s           2026-08-20T11:04:34                      81
/workspaces/lab-2/.venv/lib/python3.12/site-packages/airflow/example_dags/tutorial_taskflow_api.py                                                             1           0  0.31s           2026-08-20T11:03:57                      43
/workspaces/lab-2/.venv/lib/python3.12/site-packages/airflow/example_dags/example_sensors.py                                                                   1           0  0.31s           2026-08-20T11:04:19                      43
/workspaces/lab-2/.venv/lib/python3.12/site-packages/airflow/example_dags/example_subdag_operator.py                                                           3           0  0.31s           2026-08-20T11:04:10                      53
/workspaces/lab-2/.venv/lib/python3.12/site-packages/airflow/example_dags/example_xcomargs.py                                                                  2           0  0.31s           2026-08-20T11:04:01                      79
/workspaces/lab-2/.venv/lib/python3.12/site-packages/airflow/example_dags/example_dynamic_task_mapping_with_no_taskflow_operators.py                           1           0  0.31s           2026-08-20T11:04:32                      43
/workspaces/lab-2/.venv/lib/python3.12/site-packages/airflow/example_dags/example_external_task_marker_dag.py                                                  2           0  0.31s           2026-08-20T11:04:39                      79
/workspaces/lab-2/.venv/lib/python3.12/site-packages/airflow/example_dags/example_latest_only.py                                                               1           0  0.31s           2026-08-20T11:04:30                      45
/workspaces/lab-2/.venv/lib/python3.12/site-packages/airflow/example_dags/tutorial_taskflow_api_virtualenv.py                                                  1           0  0.31s           2026-08-20T11:03:59                      43
/workspaces/lab-2/.venv/lib/python3.12/site-packages/airflow/example_dags/example_branch_python_dop_operator_3.py                                              1           0  0.31s           2026-08-20T11:04:46                      45
/workspaces/lab-2/.venv/lib/python3.12/site-packages/airflow/example_dags/example_branch_operator.py                                                           1           0  0.31s           2026-08-20T11:04:48                      45
/workspaces/lab-2/.venv/lib/python3.12/site-packages/airflow/example_dags/example_workday_timetable.py                                                         1           0  0.31s           2026-08-20T11:04:04                      45
/workspaces/lab-2/.venv/lib/python3.12/site-packages/airflow/example_dags/example_trigger_controller_dag.py                                                    1           0  0.31s           2026-08-20T11:04:09                      45
/workspaces/lab-2/.venv/lib/python3.12/site-packages/airflow/example_dags/example_bash_operator.py                                                             1           0  0.31s           2026-08-20T11:04:49                      45
/workspaces/lab-2/.venv/lib/python3.12/site-packages/airflow/example_dags/example_params_trigger_ui.py                                                         1           0  0.31s           2026-08-20T11:04:28                      43
/workspaces/lab-2/.venv/lib/python3.12/site-packages/airflow/example_dags/example_complex.py                                                                   1           0  0.21s           2026-08-20T11:04:47                      43
/workspaces/lab-2/.venv/lib/python3.12/site-packages/airflow/example_dags/example_sla_dag.py                                                                   1           0  0.21s           2026-08-20T11:04:07                      45
/workspaces/lab-2/.venv/lib/python3.12/site-packages/airflow/example_dags/example_task_group_decorator.py                                                      1           0  0.21s           2026-08-20T11:04:11                      43
/workspaces/lab-2/.venv/lib/python3.12/site-packages/airflow/example_dags/example_dag_decorator.py                                                             1           0  0.21s           2026-08-20T11:04:44                      43
/workspaces/lab-2/.venv/lib/python3.12/site-packages/airflow/example_dags/tutorial.py                                                                          1           0  0.21s           2026-08-20T11:04:02                      45
/workspaces/lab-2/.venv/lib/python3.12/site-packages/airflow/example_dags/tutorial_dag.py                                                                      1           0  0.21s           2026-08-20T11:04:06                      43
/workspaces/lab-2/.venv/lib/python3.12/site-packages/airflow/example_dags/example_python_decorator.py                                                          1           0  0.21s           2026-08-20T11:04:20                      43
/workspaces/lab-2/.venv/lib/python3.12/site-packages/airflow/example_dags/example_skip_dag.py                                                                  1           0  0.21s           2026-08-20T11:04:20                      45
/workspaces/lab-2/.venv/lib/python3.12/site-packages/airflow/example_dags/tutorial_objectstorage.py                                                            1           0  0.21s           2026-08-20T11:03:58                      43
/workspaces/lab-2/.venv/lib/python3.12/site-packages/airflow/example_dags/example_python_operator.py                                                           1           0  0.21s           2026-08-20T11:04:20                      43
/workspaces/lab-2/.venv/lib/python3.12/site-packages/airflow/example_dags/example_display_name.py                                                              1           0  0.21s           2026-08-20T11:04:35                      43
/workspaces/lab-2/.venv/lib/python3.12/site-packages/airflow/example_dags/example_latest_only_with_trigger.py                                                  1           0  0.21s           2026-08-20T11:04:26                      45
/workspaces/lab-2/.venv/lib/python3.12/site-packages/airflow/example_dags/example_nested_branch_dag.py                                                         1           0  0.21s           2026-08-20T11:04:31                      45
/workspaces/lab-2/.venv/lib/python3.12/site-packages/airflow/example_dags/example_task_group.py                                                                1           0  0.21s           2026-08-20T11:04:12                      43
/workspaces/lab-2/.venv/lib/python3.12/site-packages/airflow/example_dags/example_trigger_target_dag.py                                                        1           0  0.21s           2026-08-20T11:04:03                      43
/workspaces/lab-2/.venv/lib/python3.12/site-packages/airflow/example_dags/example_dynamic_task_mapping.py                                                      1           0  0.21s           2026-08-20T11:04:37                      43
/workspaces/lab-2/.venv/lib/python3.12/site-packages/airflow/example_dags/example_setup_teardown.py                                                            1           0  0.21s           2026-08-20T11:04:18                      43
/workspaces/lab-2/.venv/lib/python3.12/site-packages/airflow/example_dags/example_short_circuit_operator.py                                                    1           0  0.21s           2026-08-20T11:04:16                      43
/workspaces/lab-2/.venv/lib/python3.12/site-packages/airflow/example_dags/example_time_delta_sensor_async.py                                                   1           0  0.20s           2026-08-20T11:04:10                      43
/workspaces/lab-2/.venv/lib/python3.12/site-packages/airflow/example_dags/subdags/subdag.py                                                                    0           0  0.13s           2026-08-20T11:03:51                       3
/workspaces/lab-2/dags/etl_ingestion_dag.py                                                                                                                    0           1  0.12s           2026-08-20T11:03:49                       3
/workspaces/lab-2/.venv/lib/python3.12/site-packages/airflow/example_dags/plugins/decreasing_priority_weight_strategy.py                                       0           0  0.12s           2026-08-20T11:03:52                       3
/workspaces/lab-2/.venv/lib/python3.12/site-packages/airflow/example_dags/plugins/listener_plugin.py                                                           0           0  0.11s           2026-08-20T11:03:53                       3
/workspaces/lab-2/.venv/lib/python3.12/site-packages/airflow/example_dags/plugins/workday.py                                                                   0           0  0.11s           2026-08-20T11:03:54                       3
/workspaces/lab-2/.venv/lib/python3.12/site-packages/airflow/example_dags/example_local_kubernetes_executor.py                                                 0           0  0.10s           2026-08-20T11:04:27                       3
/workspaces/lab-2/.venv/lib/python3.12/site-packages/airflow/example_dags/plugins/event_listener.py                                                            0           0  0.10s           2026-08-20T11:03:55                       3
/workspaces/lab-2/.venv/lib/python3.12/site-packages/airflow/example_dags/example_kubernetes_executor.py                                                       0           0  0.10s           2026-08-20T11:04:36                       3
/workspaces/lab-2/.venv/lib/python3.12/site-packages/airflow/example_dags/example_branch_day_of_week_operator.py                                               0           0                                                            0
/workspaces/lab-2/.venv/lib/python3.12/site-packages/airflow/example_dags/example_bash_decorator.py                                                            0           0                                                            0
/workspaces/lab-2/.venv/lib/python3.12/site-packages/airflow/example_dags/example_branch_operator_decorator.py                                                 0           0                                                            0
/workspaces/lab-2/.venv/lib/python3.12/site-packages/airflow/example_dags/example_branch_labels.py                                                             0           0                                                            0
================================================================================
[2026-08-20T11:05:21.082+0000] {manager.py:997} INFO - 
================================================================================
DAG File Processing Stats

File Path                                                                                                                             PID    Runtime      # DAGs    # Errors  Last Runtime    Last Run               Last # of DB Queries
------------------------------------------------------------------------------------------------------------------------------------  -----  ---------  --------  ----------  --------------  -------------------  ----------------------
/workspaces/lab-2/.venv/lib/python3.12/site-packages/airflow/example_dags/example_datasets.py                                                                 10           0  0.81s           2026-08-20T11:04:40                     379
/workspaces/lab-2/.venv/lib/python3.12/site-packages/airflow/example_dags/example_params_ui_tutorial.py                                                        1           0  0.61s           2026-08-20T11:04:23                      43
/workspaces/lab-2/.venv/lib/python3.12/site-packages/airflow/example_dags/example_dataset_alias_with_no_taskflow.py                                            4           0  0.51s           2026-08-20T11:04:42                     157
/workspaces/lab-2/.venv/lib/python3.12/site-packages/airflow/example_dags/example_sensor_decorator.py                                                          1           0  0.42s           2026-08-20T11:04:25                      43
/workspaces/lab-2/.venv/lib/python3.12/site-packages/airflow/example_dags/example_dataset_alias.py                                                             4           0  0.41s           2026-08-20T11:04:43                     157
/workspaces/lab-2/.venv/lib/python3.12/site-packages/airflow/example_dags/example_branch_datetime_operator.py                                                  3           0  0.41s           2026-08-20T11:04:50                     117
/workspaces/lab-2/.venv/lib/python3.12/site-packages/airflow/example_dags/example_outlet_event_extra.py                                                        3           0  0.41s           2026-08-20T11:04:30                     118
/workspaces/lab-2/.venv/lib/python3.12/site-packages/airflow/example_dags/example_branch_labels.py                                                             1           0  0.31s           2026-08-20T11:04:53                      45
/workspaces/lab-2/.venv/lib/python3.12/site-packages/airflow/example_dags/example_passing_params_via_test_command.py                                           1           0  0.31s           2026-08-20T11:04:22                      45
/workspaces/lab-2/.venv/lib/python3.12/site-packages/airflow/example_dags/example_inlet_event_extra.py                                                         2           0  0.31s           2026-08-20T11:04:34                      81
/workspaces/lab-2/.venv/lib/python3.12/site-packages/airflow/example_dags/example_bash_decorator.py                                                            1           0  0.31s           2026-08-20T11:04:55                      43
/workspaces/lab-2/.venv/lib/python3.12/site-packages/airflow/example_dags/example_dynamic_task_mapping_with_no_taskflow_operators.py                           1           0  0.31s           2026-08-20T11:04:32                      43
/workspaces/lab-2/.venv/lib/python3.12/site-packages/airflow/example_dags/example_external_task_marker_dag.py                                                  2           0  0.31s           2026-08-20T11:04:39                      79
/workspaces/lab-2/.venv/lib/python3.12/site-packages/airflow/example_dags/example_latest_only.py                                                               1           0  0.31s           2026-08-20T11:04:30                      45
/workspaces/lab-2/.venv/lib/python3.12/site-packages/airflow/example_dags/example_branch_operator_decorator.py                                                 1           0  0.31s           2026-08-20T11:04:52                      45
/workspaces/lab-2/.venv/lib/python3.12/site-packages/airflow/example_dags/example_branch_python_dop_operator_3.py                                              1           0  0.31s           2026-08-20T11:04:46                      45
/workspaces/lab-2/.venv/lib/python3.12/site-packages/airflow/example_dags/example_branch_operator.py                                                           1           0  0.31s           2026-08-20T11:04:48                      45
/workspaces/lab-2/.venv/lib/python3.12/site-packages/airflow/example_dags/example_branch_day_of_week_operator.py                                               1           0  0.31s           2026-08-20T11:04:51                      45
/workspaces/lab-2/.venv/lib/python3.12/site-packages/airflow/example_dags/example_bash_operator.py                                                             1           0  0.31s           2026-08-20T11:04:49                      45
/workspaces/lab-2/.venv/lib/python3.12/site-packages/airflow/example_dags/example_params_trigger_ui.py                                                         1           0  0.31s           2026-08-20T11:04:28                      43
/workspaces/lab-2/.venv/lib/python3.12/site-packages/airflow/example_dags/example_complex.py                                                                   1           0  0.21s           2026-08-20T11:04:47                      43
/workspaces/lab-2/.venv/lib/python3.12/site-packages/airflow/example_dags/example_dag_decorator.py                                                             1           0  0.21s           2026-08-20T11:04:44                      43
/workspaces/lab-2/.venv/lib/python3.12/site-packages/airflow/example_dags/example_setup_teardown_taskflow.py                                                   1           0  0.21s           2026-08-20T11:05:16                      10
/workspaces/lab-2/.venv/lib/python3.12/site-packages/airflow/example_dags/example_python_decorator.py                                                          1           0  0.21s           2026-08-20T11:04:20                      43
/workspaces/lab-2/.venv/lib/python3.12/site-packages/airflow/example_dags/example_python_operator.py                                                           1           0  0.21s           2026-08-20T11:04:20                      43
/workspaces/lab-2/.venv/lib/python3.12/site-packages/airflow/example_dags/example_display_name.py                                                              1           0  0.21s           2026-08-20T11:04:35                      43
/workspaces/lab-2/.venv/lib/python3.12/site-packages/airflow/example_dags/example_latest_only_with_trigger.py                                                  1           0  0.21s           2026-08-20T11:04:26                      45
/workspaces/lab-2/.venv/lib/python3.12/site-packages/airflow/example_dags/example_nested_branch_dag.py                                                         1           0  0.21s           2026-08-20T11:04:31                      45
/workspaces/lab-2/.venv/lib/python3.12/site-packages/airflow/example_dags/example_dynamic_task_mapping.py                                                      1           0  0.21s           2026-08-20T11:04:37                      43
/workspaces/lab-2/.venv/lib/python3.12/site-packages/airflow/example_dags/example_task_group_decorator.py                                                      1           0  0.12s           2026-08-20T11:05:14                      10
/workspaces/lab-2/.venv/lib/python3.12/site-packages/airflow/example_dags/example_sensors.py                                                                   1           0  0.11s           2026-08-20T11:05:20                      10
/workspaces/lab-2/.venv/lib/python3.12/site-packages/airflow/example_dags/plugins/listener_plugin.py                                                           0           0  0.11s           2026-08-20T11:04:58                       3
/workspaces/lab-2/.venv/lib/python3.12/site-packages/airflow/example_dags/example_xcomargs.py                                                                  2           0  0.11s           2026-08-20T11:05:04                      13
/workspaces/lab-2/.venv/lib/python3.12/site-packages/airflow/example_dags/example_task_group.py                                                                1           0  0.11s           2026-08-20T11:05:15                      10
/workspaces/lab-2/.venv/lib/python3.12/site-packages/airflow/example_dags/example_sla_dag.py                                                                   1           0  0.11s           2026-08-20T11:05:10                      12
/workspaces/lab-2/.venv/lib/python3.12/site-packages/airflow/example_dags/tutorial.py                                                                          1           0  0.11s           2026-08-20T11:05:05                      12
/workspaces/lab-2/.venv/lib/python3.12/site-packages/airflow/example_dags/example_trigger_controller_dag.py                                                    1           0  0.11s           2026-08-20T11:05:11                      12
/workspaces/lab-2/dags/etl_ingestion_dag.py                                                                                                                    0           1  0.11s           2026-08-20T11:04:56                       5
/workspaces/lab-2/.venv/lib/python3.12/site-packages/airflow/example_dags/tutorial_taskflow_api_virtualenv.py                                                  1           0  0.11s           2026-08-20T11:05:02                      10
/workspaces/lab-2/.venv/lib/python3.12/site-packages/airflow/example_dags/tutorial_dag.py                                                                      1           0  0.11s           2026-08-20T11:05:09                      10
/workspaces/lab-2/.venv/lib/python3.12/site-packages/airflow/example_dags/tutorial_objectstorage.py                                                            1           0  0.11s           2026-08-20T11:05:02                      10
/workspaces/lab-2/.venv/lib/python3.12/site-packages/airflow/example_dags/plugins/event_listener.py                                                            0           0  0.11s           2026-08-20T11:05:01                       3
/workspaces/lab-2/.venv/lib/python3.12/site-packages/airflow/example_dags/example_workday_timetable.py                                                         1           0  0.11s           2026-08-20T11:05:07                      12
/workspaces/lab-2/.venv/lib/python3.12/site-packages/airflow/example_dags/tutorial_taskflow_api.py                                                             1           0  0.11s           2026-08-20T11:05:01                      10
/workspaces/lab-2/.venv/lib/python3.12/site-packages/airflow/example_dags/example_local_kubernetes_executor.py                                                 0           0  0.10s           2026-08-20T11:04:27                       3
/workspaces/lab-2/.venv/lib/python3.12/site-packages/airflow/example_dags/example_short_circuit_operator.py                                                    1           0  0.10s           2026-08-20T11:05:18                      10
/workspaces/lab-2/.venv/lib/python3.12/site-packages/airflow/example_dags/example_trigger_target_dag.py                                                        1           0  0.10s           2026-08-20T11:05:05                      10
/workspaces/lab-2/.venv/lib/python3.12/site-packages/airflow/example_dags/plugins/decreasing_priority_weight_strategy.py                                       0           0  0.10s           2026-08-20T11:04:57                       3
/workspaces/lab-2/.venv/lib/python3.12/site-packages/airflow/example_dags/subdags/subdag.py                                                                    0           0  0.10s           2026-08-20T11:04:57                       3
/workspaces/lab-2/.venv/lib/python3.12/site-packages/airflow/example_dags/example_setup_teardown.py                                                            1           0  0.10s           2026-08-20T11:05:19                      10
/workspaces/lab-2/.venv/lib/python3.12/site-packages/airflow/example_dags/example_xcom.py                                                                      1           0  0.10s           2026-08-20T11:05:08                      12
/workspaces/lab-2/.venv/lib/python3.12/site-packages/airflow/example_dags/plugins/workday.py                                                                   0           0  0.10s           2026-08-20T11:05:00                       3
/workspaces/lab-2/.venv/lib/python3.12/site-packages/airflow/example_dags/example_time_delta_sensor_async.py                                                   1           0  0.10s           2026-08-20T11:05:13                      10
/workspaces/lab-2/.venv/lib/python3.12/site-packages/airflow/example_dags/example_subdag_operator.py                                                           3           0  0.10s           2026-08-20T11:05:12                      20
/workspaces/lab-2/.venv/lib/python3.12/site-packages/airflow/example_dags/example_short_circuit_decorator.py                                                   1           0  0.10s           2026-08-20T11:05:17                      10
/workspaces/lab-2/.venv/lib/python3.12/site-packages/airflow/example_dags/example_kubernetes_executor.py                                                       0           0  0.10s           2026-08-20T11:04:36                       3
/workspaces/lab-2/.venv/lib/python3.12/site-packages/airflow/example_dags/example_skip_dag.py                                                                  1           0  0.10s           2026-08-20T11:05:21                      12
================================================================================
[2026-08-20T11:05:51.147+0000] {manager.py:997} INFO - 
================================================================================
DAG File Processing Stats

File Path                                                                                                                             PID    Runtime      # DAGs    # Errors  Last Runtime    Last Run               Last # of DB Queries
------------------------------------------------------------------------------------------------------------------------------------  -----  ---------  --------  ----------  --------------  -------------------  ----------------------
/workspaces/lab-2/.venv/lib/python3.12/site-packages/airflow/example_dags/example_bash_decorator.py                                                            1           0  0.31s           2026-08-20T11:04:55                      43
/workspaces/lab-2/.venv/lib/python3.12/site-packages/airflow/example_dags/example_setup_teardown_taskflow.py                                                   1           0  0.21s           2026-08-20T11:05:16                      10
/workspaces/lab-2/.venv/lib/python3.12/site-packages/airflow/example_dags/example_latest_only_with_trigger.py                                                  1           0  0.21s           2026-08-20T11:05:26                      12
/workspaces/lab-2/.venv/lib/python3.12/site-packages/airflow/example_dags/example_branch_operator.py                                                           1           0  0.21s           2026-08-20T11:05:47                      12
/workspaces/lab-2/.venv/lib/python3.12/site-packages/airflow/example_dags/example_task_group_decorator.py                                                      1           0  0.12s           2026-08-20T11:05:14                      10
/workspaces/lab-2/.venv/lib/python3.12/site-packages/airflow/example_dags/example_inlet_event_extra.py                                                         2           0  0.11s           2026-08-20T11:05:36                      15
/workspaces/lab-2/.venv/lib/python3.12/site-packages/airflow/example_dags/example_datasets.py                                                                 10           0  0.11s           2026-08-20T11:05:41                      49
/workspaces/lab-2/.venv/lib/python3.12/site-packages/airflow/example_dags/example_branch_day_of_week_operator.py                                               1           0  0.11s           2026-08-20T11:05:49                      12
/workspaces/lab-2/.venv/lib/python3.12/site-packages/airflow/example_dags/example_sensors.py                                                                   1           0  0.11s           2026-08-20T11:05:20                      10
/workspaces/lab-2/.venv/lib/python3.12/site-packages/airflow/example_dags/plugins/listener_plugin.py                                                           0           0  0.11s           2026-08-20T11:04:58                       3
/workspaces/lab-2/.venv/lib/python3.12/site-packages/airflow/example_dags/example_xcomargs.py                                                                  2           0  0.11s           2026-08-20T11:05:04                      13
/workspaces/lab-2/.venv/lib/python3.12/site-packages/airflow/example_dags/example_params_trigger_ui.py                                                         1           0  0.11s           2026-08-20T11:05:31                      10
/workspaces/lab-2/.venv/lib/python3.12/site-packages/airflow/example_dags/example_task_group.py                                                                1           0  0.11s           2026-08-20T11:05:15                      10
/workspaces/lab-2/.venv/lib/python3.12/site-packages/airflow/example_dags/example_sla_dag.py                                                                   1           0  0.11s           2026-08-20T11:05:10                      12
/workspaces/lab-2/.venv/lib/python3.12/site-packages/airflow/example_dags/tutorial.py                                                                          1           0  0.11s           2026-08-20T11:05:05                      12
/workspaces/lab-2/.venv/lib/python3.12/site-packages/airflow/example_dags/example_trigger_controller_dag.py                                                    1           0  0.11s           2026-08-20T11:05:11                      12
/workspaces/lab-2/.venv/lib/python3.12/site-packages/airflow/example_dags/example_kubernetes_executor.py                                                       0           0  0.11s           2026-08-20T11:05:38                       3
/workspaces/lab-2/.venv/lib/python3.12/site-packages/airflow/example_dags/tutorial_taskflow_api_virtualenv.py                                                  1           0  0.11s           2026-08-20T11:05:02                      10
/workspaces/lab-2/.venv/lib/python3.12/site-packages/airflow/example_dags/example_external_task_marker_dag.py                                                  2           0  0.11s           2026-08-20T11:05:40                      13
/workspaces/lab-2/.venv/lib/python3.12/site-packages/airflow/example_dags/subdags/subdag.py                                                                    0           0  0.11s           2026-08-20T11:05:28                       3
/workspaces/lab-2/.venv/lib/python3.12/site-packages/airflow/example_dags/example_params_ui_tutorial.py                                                        1           0  0.11s           2026-08-20T11:05:24                      10
/workspaces/lab-2/.venv/lib/python3.12/site-packages/airflow/example_dags/tutorial_dag.py                                                                      1           0  0.11s           2026-08-20T11:05:09                      10
/workspaces/lab-2/.venv/lib/python3.12/site-packages/airflow/example_dags/example_sensor_decorator.py                                                          1           0  0.11s           2026-08-20T11:05:25                      10
/workspaces/lab-2/.venv/lib/python3.12/site-packages/airflow/example_dags/example_complex.py                                                                   1           0  0.11s           2026-08-20T11:05:46                      10
/workspaces/lab-2/.venv/lib/python3.12/site-packages/airflow/example_dags/example_bash_operator.py                                                             1           0  0.11s           2026-08-20T11:05:48                      12
/workspaces/lab-2/.venv/lib/python3.12/site-packages/airflow/example_dags/tutorial_objectstorage.py                                                            1           0  0.11s           2026-08-20T11:05:02                      10
/workspaces/lab-2/.venv/lib/python3.12/site-packages/airflow/example_dags/example_dataset_alias_with_no_taskflow.py                                            4           0  0.11s           2026-08-20T11:05:41                      27
/workspaces/lab-2/.venv/lib/python3.12/site-packages/airflow/example_dags/example_python_operator.py                                                           1           0  0.11s           2026-08-20T11:05:22                      10
/workspaces/lab-2/.venv/lib/python3.12/site-packages/airflow/example_dags/example_display_name.py                                                              1           0  0.11s           2026-08-20T11:05:37                      10
/workspaces/lab-2/.venv/lib/python3.12/site-packages/airflow/example_dags/plugins/event_listener.py                                                            0           0  0.11s           2026-08-20T11:05:01                       3
/workspaces/lab-2/.venv/lib/python3.12/site-packages/airflow/example_dags/example_dag_decorator.py                                                             1           0  0.11s           2026-08-20T11:05:44                      10
/workspaces/lab-2/.venv/lib/python3.12/site-packages/airflow/example_dags/example_workday_timetable.py                                                         1           0  0.11s           2026-08-20T11:05:07                      12
/workspaces/lab-2/.venv/lib/python3.12/site-packages/airflow/example_dags/tutorial_taskflow_api.py                                                             1           0  0.11s           2026-08-20T11:05:01                      10
/workspaces/lab-2/.venv/lib/python3.12/site-packages/airflow/example_dags/example_passing_params_via_test_command.py                                           1           0  0.11s           2026-08-20T11:05:23                      12
/workspaces/lab-2/.venv/lib/python3.12/site-packages/airflow/example_dags/example_python_decorator.py                                                          1           0  0.11s           2026-08-20T11:05:21                      10
/workspaces/lab-2/.venv/lib/python3.12/site-packages/airflow/example_dags/example_short_circuit_operator.py                                                    1           0  0.10s           2026-08-20T11:05:18                      10
/workspaces/lab-2/.venv/lib/python3.12/site-packages/airflow/example_dags/example_trigger_target_dag.py                                                        1           0  0.10s           2026-08-20T11:05:05                      10
/workspaces/lab-2/.venv/lib/python3.12/site-packages/airflow/example_dags/example_latest_only.py                                                               1           0  0.10s           2026-08-20T11:05:33                      12
/workspaces/lab-2/.venv/lib/python3.12/site-packages/airflow/example_dags/example_nested_branch_dag.py                                                         1           0  0.10s           2026-08-20T11:05:34                      12
/workspaces/lab-2/.venv/lib/python3.12/site-packages/airflow/example_dags/example_setup_teardown.py                                                            1           0  0.10s           2026-08-20T11:05:19                      10
/workspaces/lab-2/.venv/lib/python3.12/site-packages/airflow/example_dags/example_branch_datetime_operator.py                                                  3           0  0.10s           2026-08-20T11:05:49                      18
/workspaces/lab-2/.venv/lib/python3.12/site-packages/airflow/example_dags/example_outlet_event_extra.py                                                        3           0  0.10s           2026-08-20T11:05:32                      19
/workspaces/lab-2/.venv/lib/python3.12/site-packages/airflow/example_dags/example_branch_python_dop_operator_3.py                                              1           0  0.10s           2026-08-20T11:05:45                      12
/workspaces/lab-2/.venv/lib/python3.12/site-packages/airflow/example_dags/example_dataset_alias.py                                                             4           0  0.10s           2026-08-20T11:05:42                      27
/workspaces/lab-2/.venv/lib/python3.12/site-packages/airflow/example_dags/example_dynamic_task_mapping_with_no_taskflow_operators.py                           1           0  0.10s           2026-08-20T11:05:36                      10
/workspaces/lab-2/.venv/lib/python3.12/site-packages/airflow/example_dags/example_local_kubernetes_executor.py                                                 0           0  0.10s           2026-08-20T11:05:30                       3
/workspaces/lab-2/dags/etl_ingestion_dag.py                                                                                                                    0           1  0.10s           2026-08-20T11:05:28                       5
/workspaces/lab-2/.venv/lib/python3.12/site-packages/airflow/example_dags/example_xcom.py                                                                      1           0  0.10s           2026-08-20T11:05:08                      12
/workspaces/lab-2/.venv/lib/python3.12/site-packages/airflow/example_dags/plugins/workday.py                                                                   0           0  0.10s           2026-08-20T11:05:00                       3
/workspaces/lab-2/.venv/lib/python3.12/site-packages/airflow/example_dags/example_time_delta_sensor_async.py                                                   1           0  0.10s           2026-08-20T11:05:13                      10
/workspaces/lab-2/.venv/lib/python3.12/site-packages/airflow/example_dags/example_dynamic_task_mapping.py                                                      1           0  0.10s           2026-08-20T11:05:38                      10
/workspaces/lab-2/.venv/lib/python3.12/site-packages/airflow/example_dags/example_subdag_operator.py                                                           3           0  0.10s           2026-08-20T11:05:12                      20
/workspaces/lab-2/.venv/lib/python3.12/site-packages/airflow/example_dags/example_branch_operator_decorator.py                                                 1           0  0.10s           2026-08-20T11:05:50                      12
/workspaces/lab-2/.venv/lib/python3.12/site-packages/airflow/example_dags/example_branch_labels.py                                                             1           0  0.10s           2026-08-20T11:05:51                      12
/workspaces/lab-2/.venv/lib/python3.12/site-packages/airflow/example_dags/example_short_circuit_decorator.py                                                   1           0  0.10s           2026-08-20T11:05:17                      10
/workspaces/lab-2/.venv/lib/python3.12/site-packages/airflow/example_dags/plugins/decreasing_priority_weight_strategy.py                                       0           0  0.10s           2026-08-20T11:05:29                       3
/workspaces/lab-2/.venv/lib/python3.12/site-packages/airflow/example_dags/example_skip_dag.py                                                                  1           0  0.10s           2026-08-20T11:05:21                      12
================================================================================
[2026-08-20T11:06:21.205+0000] {manager.py:997} INFO - 
================================================================================
DAG File Processing Stats

File Path                                                                                                                             PID    Runtime      # DAGs    # Errors  Last Runtime    Last Run               Last # of DB Queries
------------------------------------------------------------------------------------------------------------------------------------  -----  ---------  --------  ----------  --------------  -------------------  ----------------------
/workspaces/lab-2/.venv/lib/python3.12/site-packages/airflow/example_dags/example_latest_only_with_trigger.py                                                  1           0  0.21s           2026-08-20T11:05:26                      12
/workspaces/lab-2/.venv/lib/python3.12/site-packages/airflow/example_dags/example_branch_operator.py                                                           1           0  0.21s           2026-08-20T11:05:47                      12
/workspaces/lab-2/.venv/lib/python3.12/site-packages/airflow/example_dags/example_params_ui_tutorial.py                                                        1           0  0.12s           2026-08-20T11:06:21                      10
/workspaces/lab-2/.venv/lib/python3.12/site-packages/airflow/example_dags/example_inlet_event_extra.py                                                         2           0  0.11s           2026-08-20T11:05:36                      15
/workspaces/lab-2/.venv/lib/python3.12/site-packages/airflow/example_dags/example_skip_dag.py                                                                  1           0  0.11s           2026-08-20T11:06:14                      12
/workspaces/lab-2/.venv/lib/python3.12/site-packages/airflow/example_dags/example_datasets.py                                                                 10           0  0.11s           2026-08-20T11:05:41                      49
/workspaces/lab-2/.venv/lib/python3.12/site-packages/airflow/example_dags/example_branch_day_of_week_operator.py                                               1           0  0.11s           2026-08-20T11:05:49                      12
/workspaces/lab-2/.venv/lib/python3.12/site-packages/airflow/example_dags/example_task_group_decorator.py                                                      1           0  0.11s           2026-08-20T11:06:07                      10
/workspaces/lab-2/.venv/lib/python3.12/site-packages/airflow/example_dags/tutorial.py                                                                          1           0  0.11s           2026-08-20T11:05:59                      12
/workspaces/lab-2/.venv/lib/python3.12/site-packages/airflow/example_dags/tutorial_dag.py                                                                      1           0  0.11s           2026-08-20T11:06:03                      10
/workspaces/lab-2/.venv/lib/python3.12/site-packages/airflow/example_dags/plugins/event_listener.py                                                            0           0  0.11s           2026-08-20T11:05:54                       3
/workspaces/lab-2/.venv/lib/python3.12/site-packages/airflow/example_dags/example_params_trigger_ui.py                                                         1           0  0.11s           2026-08-20T11:05:31                      10
/workspaces/lab-2/.venv/lib/python3.12/site-packages/airflow/example_dags/example_time_delta_sensor_async.py                                                   1           0  0.11s           2026-08-20T11:06:06                      10
/workspaces/lab-2/.venv/lib/python3.12/site-packages/airflow/example_dags/example_kubernetes_executor.py                                                       0           0  0.11s           2026-08-20T11:05:38                       3
/workspaces/lab-2/.venv/lib/python3.12/site-packages/airflow/example_dags/plugins/listener_plugin.py                                                           0           0  0.11s           2026-08-20T11:05:51                       3
/workspaces/lab-2/.venv/lib/python3.12/site-packages/airflow/example_dags/example_external_task_marker_dag.py                                                  2           0  0.11s           2026-08-20T11:05:40                      13
/workspaces/lab-2/.venv/lib/python3.12/site-packages/airflow/example_dags/tutorial_taskflow_api_virtualenv.py                                                  1           0  0.11s           2026-08-20T11:05:57                      10
/workspaces/lab-2/.venv/lib/python3.12/site-packages/airflow/example_dags/example_python_operator.py                                                           1           0  0.11s           2026-08-20T11:06:19                      10
/workspaces/lab-2/.venv/lib/python3.12/site-packages/airflow/example_dags/example_setup_teardown.py                                                            1           0  0.11s           2026-08-20T11:06:12                      10
/workspaces/lab-2/.venv/lib/python3.12/site-packages/airflow/example_dags/example_sla_dag.py                                                                   1           0  0.11s           2026-08-20T11:06:04                      12
/workspaces/lab-2/.venv/lib/python3.12/site-packages/airflow/example_dags/example_sensor_decorator.py                                                          1           0  0.11s           2026-08-20T11:05:25                      10
/workspaces/lab-2/.venv/lib/python3.12/site-packages/airflow/example_dags/example_complex.py                                                                   1           0  0.11s           2026-08-20T11:05:46                      10
/workspaces/lab-2/.venv/lib/python3.12/site-packages/airflow/example_dags/subdags/subdag.py                                                                    0           0  0.11s           2026-08-20T11:06:17                       3
/workspaces/lab-2/.venv/lib/python3.12/site-packages/airflow/example_dags/example_trigger_controller_dag.py                                                    1           0  0.11s           2026-08-20T11:06:04                      12
/workspaces/lab-2/.venv/lib/python3.12/site-packages/airflow/example_dags/plugins/decreasing_priority_weight_strategy.py                                       0           0  0.11s           2026-08-20T11:06:18                       3
/workspaces/lab-2/.venv/lib/python3.12/site-packages/airflow/example_dags/example_xcom.py                                                                      1           0  0.11s           2026-08-20T11:06:02                      12
/workspaces/lab-2/dags/etl_ingestion_dag.py                                                                                                                    0           1  0.11s           2026-08-20T11:06:16                       5
/workspaces/lab-2/.venv/lib/python3.12/site-packages/airflow/example_dags/example_bash_operator.py                                                             1           0  0.11s           2026-08-20T11:05:48                      12
/workspaces/lab-2/.venv/lib/python3.12/site-packages/airflow/example_dags/plugins/workday.py                                                                   0           0  0.11s           2026-08-20T11:05:53                       3
/workspaces/lab-2/.venv/lib/python3.12/site-packages/airflow/example_dags/example_task_group.py                                                                1           0  0.11s           2026-08-20T11:06:08                      10
/workspaces/lab-2/.venv/lib/python3.12/site-packages/airflow/example_dags/example_dataset_alias_with_no_taskflow.py                                            4           0  0.11s           2026-08-20T11:05:41                      27
/workspaces/lab-2/.venv/lib/python3.12/site-packages/airflow/example_dags/example_display_name.py                                                              1           0  0.11s           2026-08-20T11:05:37                      10
/workspaces/lab-2/.venv/lib/python3.12/site-packages/airflow/example_dags/example_trigger_target_dag.py                                                        1           0  0.11s           2026-08-20T11:06:00                      10
/workspaces/lab-2/.venv/lib/python3.12/site-packages/airflow/example_dags/example_dag_decorator.py                                                             1           0  0.11s           2026-08-20T11:05:44                      10
/workspaces/lab-2/.venv/lib/python3.12/site-packages/airflow/example_dags/example_setup_teardown_taskflow.py                                                   1           0  0.11s           2026-08-20T11:06:09                      10
/workspaces/lab-2/.venv/lib/python3.12/site-packages/airflow/example_dags/example_short_circuit_decorator.py                                                   1           0  0.11s           2026-08-20T11:06:10                      10
/workspaces/lab-2/.venv/lib/python3.12/site-packages/airflow/example_dags/example_passing_params_via_test_command.py                                           1           0  0.11s           2026-08-20T11:06:20                      12
/workspaces/lab-2/.venv/lib/python3.12/site-packages/airflow/example_dags/tutorial_taskflow_api.py                                                             1           0  0.11s           2026-08-20T11:05:55                      10
/workspaces/lab-2/.venv/lib/python3.12/site-packages/airflow/example_dags/example_workday_timetable.py                                                         1           0  0.11s           2026-08-20T11:06:01                      12
/workspaces/lab-2/.venv/lib/python3.12/site-packages/airflow/example_dags/example_xcomargs.py                                                                  2           0  0.11s           2026-08-20T11:05:58                      13
/workspaces/lab-2/.venv/lib/python3.12/site-packages/airflow/example_dags/example_sensors.py                                                                   1           0  0.11s           2026-08-20T11:06:13                      10
/workspaces/lab-2/.venv/lib/python3.12/site-packages/airflow/example_dags/example_short_circuit_operator.py                                                    1           0  0.10s           2026-08-20T11:06:12                      10
/workspaces/lab-2/.venv/lib/python3.12/site-packages/airflow/example_dags/example_subdag_operator.py                                                           3           0  0.10s           2026-08-20T11:06:05                      20
/workspaces/lab-2/.venv/lib/python3.12/site-packages/airflow/example_dags/example_bash_decorator.py                                                            1           0  0.10s           2026-08-20T11:05:51                      10
/workspaces/lab-2/.venv/lib/python3.12/site-packages/airflow/example_dags/example_python_decorator.py                                                          1           0  0.10s           2026-08-20T11:06:14                      10
/workspaces/lab-2/.venv/lib/python3.12/site-packages/airflow/example_dags/example_latest_only.py                                                               1           0  0.10s           2026-08-20T11:05:33                      12
/workspaces/lab-2/.venv/lib/python3.12/site-packages/airflow/example_dags/tutorial_objectstorage.py                                                            1           0  0.10s           2026-08-20T11:05:56                      10
/workspaces/lab-2/.venv/lib/python3.12/site-packages/airflow/example_dags/example_nested_branch_dag.py                                                         1           0  0.10s           2026-08-20T11:05:34                      12
/workspaces/lab-2/.venv/lib/python3.12/site-packages/airflow/example_dags/example_branch_datetime_operator.py                                                  3           0  0.10s           2026-08-20T11:05:49                      18
/workspaces/lab-2/.venv/lib/python3.12/site-packages/airflow/example_dags/example_outlet_event_extra.py                                                        3           0  0.10s           2026-08-20T11:05:32                      19
/workspaces/lab-2/.venv/lib/python3.12/site-packages/airflow/example_dags/example_branch_python_dop_operator_3.py                                              1           0  0.10s           2026-08-20T11:05:45                      12
/workspaces/lab-2/.venv/lib/python3.12/site-packages/airflow/example_dags/example_dataset_alias.py                                                             4           0  0.10s           2026-08-20T11:05:42                      27
/workspaces/lab-2/.venv/lib/python3.12/site-packages/airflow/example_dags/example_dynamic_task_mapping_with_no_taskflow_operators.py                           1           0  0.10s           2026-08-20T11:05:36                      10
/workspaces/lab-2/.venv/lib/python3.12/site-packages/airflow/example_dags/example_local_kubernetes_executor.py                                                 0           0  0.10s           2026-08-20T11:05:30                       3
/workspaces/lab-2/.venv/lib/python3.12/site-packages/airflow/example_dags/example_dynamic_task_mapping.py                                                      1           0  0.10s           2026-08-20T11:05:38                      10
/workspaces/lab-2/.venv/lib/python3.12/site-packages/airflow/example_dags/example_branch_operator_decorator.py                                                 1           0  0.10s           2026-08-20T11:05:50                      12
/workspaces/lab-2/.venv/lib/python3.12/site-packages/airflow/example_dags/example_branch_labels.py                                                             1           0  0.10s           2026-08-20T11:05:51                      12
================================================================================
[2026-08-20T11:06:24.621+0000] {manager.py:465} INFO - Exiting gracefully upon receiving signal 15
[2026-08-20T11:06:37.808+0000] {manager.py:483} INFO - Processing files using up to 1 processes at a time 
[2026-08-20T11:06:37.809+0000] {manager.py:484} INFO - Process each file at most once every 30 seconds
[2026-08-20T11:06:37.809+0000] {manager.py:485} INFO - Checking for new files in /workspaces/lab-2/dags every 300 seconds
[2026-08-20T11:06:37.809+0000] {manager.py:821} INFO - Searching for files in /workspaces/lab-2/dags
[2026-08-20T11:06:37.837+0000] {manager.py:824} INFO - There are 57 files in /workspaces/lab-2/dags
[2026-08-20T11:06:38.039+0000] {manager.py:997} INFO - 
================================================================================
DAG File Processing Stats

File Path                                                                                                                             PID    Runtime      # DAGs    # Errors  Last Runtime    Last Run               Last # of DB Queries
------------------------------------------------------------------------------------------------------------------------------------  -----  ---------  --------  ----------  --------------  -------------------  ----------------------
/workspaces/lab-2/dags/etl_ingestion_dag.py                                                                                                                    0           1  0.11s           2026-08-20T11:06:38                       5
/workspaces/lab-2/.venv/lib/python3.12/site-packages/airflow/example_dags/example_dynamic_task_mapping_with_no_taskflow_operators.py                           0           0                                                            0
/workspaces/lab-2/.venv/lib/python3.12/site-packages/airflow/example_dags/example_datasets.py                                                                  0           0                                                            0
/workspaces/lab-2/.venv/lib/python3.12/site-packages/airflow/example_dags/example_python_decorator.py                                                          0           0                                                            0
/workspaces/lab-2/.venv/lib/python3.12/site-packages/airflow/example_dags/example_setup_teardown_taskflow.py                                                   0           0                                                            0
/workspaces/lab-2/.venv/lib/python3.12/site-packages/airflow/example_dags/example_xcomargs.py                                                                  0           0                                                            0
/workspaces/lab-2/.venv/lib/python3.12/site-packages/airflow/example_dags/example_branch_operator.py                                                           0           0                                                            0
/workspaces/lab-2/.venv/lib/python3.12/site-packages/airflow/example_dags/example_inlet_event_extra.py                                                         0           0                                                            0
/workspaces/lab-2/.venv/lib/python3.12/site-packages/airflow/example_dags/example_short_circuit_decorator.py                                                   0           0                                                            0
/workspaces/lab-2/.venv/lib/python3.12/site-packages/airflow/example_dags/example_short_circuit_operator.py                                                    0           0                                                            0
/workspaces/lab-2/.venv/lib/python3.12/site-packages/airflow/example_dags/example_bash_operator.py                                                             0           0                                                            0
/workspaces/lab-2/.venv/lib/python3.12/site-packages/airflow/example_dags/example_sla_dag.py                                                                   0           0                                                            0
/workspaces/lab-2/.venv/lib/python3.12/site-packages/airflow/example_dags/example_branch_datetime_operator.py                                                  0           0                                                            0
/workspaces/lab-2/.venv/lib/python3.12/site-packages/airflow/example_dags/example_trigger_controller_dag.py                                                    0           0                                                            0
/workspaces/lab-2/.venv/lib/python3.12/site-packages/airflow/example_dags/example_subdag_operator.py                                                           0           0                                                            0
/workspaces/lab-2/.venv/lib/python3.12/site-packages/airflow/example_dags/example_latest_only_with_trigger.py                                                  0           0                                                            0
/workspaces/lab-2/.venv/lib/python3.12/site-packages/airflow/example_dags/example_time_delta_sensor_async.py                                                   0           0                                                            0
/workspaces/lab-2/.venv/lib/python3.12/site-packages/airflow/example_dags/example_branch_day_of_week_operator.py                                               0           0                                                            0
/workspaces/lab-2/.venv/lib/python3.12/site-packages/airflow/example_dags/example_dataset_alias_with_no_taskflow.py                                            0           0                                                            0
/workspaces/lab-2/.venv/lib/python3.12/site-packages/airflow/example_dags/example_python_operator.py                                                           0           0                                                            0
/workspaces/lab-2/.venv/lib/python3.12/site-packages/airflow/example_dags/example_display_name.py                                                              0           0                                                            0
/workspaces/lab-2/.venv/lib/python3.12/site-packages/airflow/example_dags/example_passing_params_via_test_command.py                                           0           0                                                            0
/workspaces/lab-2/.venv/lib/python3.12/site-packages/airflow/example_dags/example_kubernetes_executor.py                                                       0           0                                                            0
/workspaces/lab-2/.venv/lib/python3.12/site-packages/airflow/example_dags/example_setup_teardown.py                                                            0           0                                                            0
/workspaces/lab-2/.venv/lib/python3.12/site-packages/airflow/example_dags/tutorial.py                                                                          0           0                                                            0
/workspaces/lab-2/.venv/lib/python3.12/site-packages/airflow/example_dags/example_dynamic_task_mapping.py                                                      0           0                                                            0
/workspaces/lab-2/.venv/lib/python3.12/site-packages/airflow/example_dags/example_local_kubernetes_executor.py                                                 0           0                                                            0
/workspaces/lab-2/.venv/lib/python3.12/site-packages/airflow/example_dags/example_sensors.py                                                                   0           0                                                            0
/workspaces/lab-2/.venv/lib/python3.12/site-packages/airflow/example_dags/example_dataset_alias.py                                                             0           0                                                            0
/workspaces/lab-2/.venv/lib/python3.12/site-packages/airflow/example_dags/example_params_trigger_ui.py                                                         0           0                                                            0
/workspaces/lab-2/.venv/lib/python3.12/site-packages/airflow/example_dags/example_params_ui_tutorial.py                                                        0           0                                                            0
/workspaces/lab-2/.venv/lib/python3.12/site-packages/airflow/example_dags/tutorial_taskflow_api.py                                                             0           0                                                            0
/workspaces/lab-2/.venv/lib/python3.12/site-packages/airflow/example_dags/example_outlet_event_extra.py                                                        0           0                                                            0
/workspaces/lab-2/.venv/lib/python3.12/site-packages/airflow/example_dags/example_trigger_target_dag.py                                                        0           0                                                            0
/workspaces/lab-2/.venv/lib/python3.12/site-packages/airflow/example_dags/example_skip_dag.py                                                                  0           0                                                            0
/workspaces/lab-2/.venv/lib/python3.12/site-packages/airflow/example_dags/tutorial_objectstorage.py                                                            0           0                                                            0
/workspaces/lab-2/.venv/lib/python3.12/site-packages/airflow/example_dags/example_latest_only.py                                                               0           0                                                            0
/workspaces/lab-2/.venv/lib/python3.12/site-packages/airflow/example_dags/example_dag_decorator.py                                                             0           0                                                            0
/workspaces/lab-2/.venv/lib/python3.12/site-packages/airflow/example_dags/example_external_task_marker_dag.py                                                  0           0                                                            0
/workspaces/lab-2/.venv/lib/python3.12/site-packages/airflow/example_dags/example_bash_decorator.py                                                            0           0                                                            0
/workspaces/lab-2/.venv/lib/python3.12/site-packages/airflow/example_dags/tutorial_taskflow_api_virtualenv.py                                                  0           0                                                            0
/workspaces/lab-2/.venv/lib/python3.12/site-packages/airflow/example_dags/example_branch_operator_decorator.py                                                 0           0                                                            0
/workspaces/lab-2/.venv/lib/python3.12/site-packages/airflow/example_dags/example_nested_branch_dag.py                                                         0           0                                                            0
/workspaces/lab-2/.venv/lib/python3.12/site-packages/airflow/example_dags/example_workday_timetable.py                                                         0           0                                                            0
/workspaces/lab-2/.venv/lib/python3.12/site-packages/airflow/example_dags/example_branch_labels.py                                                             0           0                                                            0
/workspaces/lab-2/.venv/lib/python3.12/site-packages/airflow/example_dags/example_xcom.py                                                                      0           0                                                            0
/workspaces/lab-2/.venv/lib/python3.12/site-packages/airflow/example_dags/example_task_group_decorator.py                                                      0           0                                                            0
/workspaces/lab-2/.venv/lib/python3.12/site-packages/airflow/example_dags/example_task_group.py                                                                0           0                                                            0
/workspaces/lab-2/.venv/lib/python3.12/site-packages/airflow/example_dags/tutorial_dag.py                                                                      0           0                                                            0
/workspaces/lab-2/.venv/lib/python3.12/site-packages/airflow/example_dags/example_sensor_decorator.py                                                          0           0                                                            0
/workspaces/lab-2/.venv/lib/python3.12/site-packages/airflow/example_dags/example_branch_python_dop_operator_3.py                                              0           0                                                            0
/workspaces/lab-2/.venv/lib/python3.12/site-packages/airflow/example_dags/example_complex.py                                                                   0           0                                                            0
/workspaces/lab-2/.venv/lib/python3.12/site-packages/airflow/example_dags/subdags/subdag.py                                                                    0           0                                                            0
/workspaces/lab-2/.venv/lib/python3.12/site-packages/airflow/example_dags/plugins/decreasing_priority_weight_strategy.py                                       0           0                                                            0
/workspaces/lab-2/.venv/lib/python3.12/site-packages/airflow/example_dags/plugins/listener_plugin.py                                                           0           0                                                            0
/workspaces/lab-2/.venv/lib/python3.12/site-packages/airflow/example_dags/plugins/workday.py                                                                   0           0                                                            0
/workspaces/lab-2/.venv/lib/python3.12/site-packages/airflow/example_dags/plugins/event_listener.py                                                            0           0                                                            0
================================================================================
[2026-08-20T11:07:08.063+0000] {manager.py:997} INFO - 
================================================================================
DAG File Processing Stats

File Path                                                                                                                             PID    Runtime      # DAGs    # Errors  Last Runtime    Last Run               Last # of DB Queries
------------------------------------------------------------------------------------------------------------------------------------  -----  ---------  --------  ----------  --------------  -------------------  ----------------------
/workspaces/lab-2/.venv/lib/python3.12/site-packages/airflow/example_dags/example_python_operator.py                                                           1           0  0.31s           2026-08-20T11:07:04                      32
/workspaces/lab-2/.venv/lib/python3.12/site-packages/airflow/example_dags/example_params_ui_tutorial.py                                                        1           0  0.21s           2026-08-20T11:07:07                      10
/workspaces/lab-2/.venv/lib/python3.12/site-packages/airflow/example_dags/example_python_decorator.py                                                          1           0  0.21s           2026-08-20T11:07:03                      32
/workspaces/lab-2/.venv/lib/python3.12/site-packages/airflow/example_dags/tutorial_taskflow_api_virtualenv.py                                                  1           0  0.21s           2026-08-20T11:06:46                      32
/workspaces/lab-2/.venv/lib/python3.12/site-packages/airflow/example_dags/subdags/subdag.py                                                                    0           0  0.11s           2026-08-20T11:06:39                       3
/workspaces/lab-2/.venv/lib/python3.12/site-packages/airflow/example_dags/tutorial_taskflow_api.py                                                             1           0  0.11s           2026-08-20T11:06:44                      10
/workspaces/lab-2/.venv/lib/python3.12/site-packages/airflow/example_dags/example_workday_timetable.py                                                         1           0  0.11s           2026-08-20T11:06:50                      12
/workspaces/lab-2/dags/etl_ingestion_dag.py                                                                                                                    0           1  0.11s           2026-08-20T11:06:38                       5
/workspaces/lab-2/.venv/lib/python3.12/site-packages/airflow/example_dags/example_skip_dag.py                                                                  1           0  0.11s           2026-08-20T11:07:02                      12
/workspaces/lab-2/.venv/lib/python3.12/site-packages/airflow/example_dags/plugins/decreasing_priority_weight_strategy.py                                       0           0  0.11s           2026-08-20T11:06:40                       3
/workspaces/lab-2/.venv/lib/python3.12/site-packages/airflow/example_dags/example_setup_teardown_taskflow.py                                                   1           0  0.11s           2026-08-20T11:06:58                      10
/workspaces/lab-2/.venv/lib/python3.12/site-packages/airflow/example_dags/example_short_circuit_operator.py                                                    1           0  0.11s           2026-08-20T11:06:59                      10
/workspaces/lab-2/.venv/lib/python3.12/site-packages/airflow/example_dags/example_setup_teardown.py                                                            1           0  0.11s           2026-08-20T11:07:00                      10
/workspaces/lab-2/.venv/lib/python3.12/site-packages/airflow/example_dags/tutorial.py                                                                          1           0  0.11s           2026-08-20T11:06:47                      12
/workspaces/lab-2/.venv/lib/python3.12/site-packages/airflow/example_dags/plugins/workday.py                                                                   0           0  0.11s           2026-08-20T11:06:42                       3
/workspaces/lab-2/.venv/lib/python3.12/site-packages/airflow/example_dags/example_xcomargs.py                                                                  2           0  0.11s           2026-08-20T11:06:47                      13
/workspaces/lab-2/.venv/lib/python3.12/site-packages/airflow/example_dags/example_task_group.py                                                                1           0  0.11s           2026-08-20T11:06:57                      10
/workspaces/lab-2/.venv/lib/python3.12/site-packages/airflow/example_dags/example_time_delta_sensor_async.py                                                   1           0  0.11s           2026-08-20T11:06:55                      10
/workspaces/lab-2/.venv/lib/python3.12/site-packages/airflow/example_dags/example_xcom.py                                                                      1           0  0.11s           2026-08-20T11:06:51                      12
/workspaces/lab-2/.venv/lib/python3.12/site-packages/airflow/example_dags/example_short_circuit_decorator.py                                                   1           0  0.11s           2026-08-20T11:06:58                      10
/workspaces/lab-2/.venv/lib/python3.12/site-packages/airflow/example_dags/example_sensors.py                                                                   1           0  0.11s           2026-08-20T11:07:01                      10
/workspaces/lab-2/.venv/lib/python3.12/site-packages/airflow/example_dags/example_trigger_target_dag.py                                                        1           0  0.11s           2026-08-20T11:06:49                      10
/workspaces/lab-2/.venv/lib/python3.12/site-packages/airflow/example_dags/tutorial_dag.py                                                                      1           0  0.11s           2026-08-20T11:06:52                      10
/workspaces/lab-2/.venv/lib/python3.12/site-packages/airflow/example_dags/example_sensor_decorator.py                                                          1           0  0.11s           2026-08-20T11:07:08                      10
/workspaces/lab-2/.venv/lib/python3.12/site-packages/airflow/example_dags/plugins/event_listener.py                                                            0           0  0.11s           2026-08-20T11:06:42                       3
/workspaces/lab-2/.venv/lib/python3.12/site-packages/airflow/example_dags/tutorial_objectstorage.py                                                            1           0  0.11s           2026-08-20T11:06:45                      10
/workspaces/lab-2/.venv/lib/python3.12/site-packages/airflow/example_dags/plugins/listener_plugin.py                                                           0           0  0.11s           2026-08-20T11:06:41                       3
/workspaces/lab-2/.venv/lib/python3.12/site-packages/airflow/example_dags/example_passing_params_via_test_command.py                                           1           0  0.11s           2026-08-20T11:07:05                      12
/workspaces/lab-2/.venv/lib/python3.12/site-packages/airflow/example_dags/example_sla_dag.py                                                                   1           0  0.10s           2026-08-20T11:06:52                      12
/workspaces/lab-2/.venv/lib/python3.12/site-packages/airflow/example_dags/example_subdag_operator.py                                                           3           0  0.10s           2026-08-20T11:06:54                      20
/workspaces/lab-2/.venv/lib/python3.12/site-packages/airflow/example_dags/example_task_group_decorator.py                                                      1           0  0.10s           2026-08-20T11:06:56                      10
/workspaces/lab-2/.venv/lib/python3.12/site-packages/airflow/example_dags/example_trigger_controller_dag.py                                                    1           0  0.10s           2026-08-20T11:06:53                      12
/workspaces/lab-2/.venv/lib/python3.12/site-packages/airflow/example_dags/example_dynamic_task_mapping_with_no_taskflow_operators.py                           0           0                                                            0
/workspaces/lab-2/.venv/lib/python3.12/site-packages/airflow/example_dags/example_datasets.py                                                                  0           0                                                            0
/workspaces/lab-2/.venv/lib/python3.12/site-packages/airflow/example_dags/example_branch_operator.py                                                           0           0                                                            0
/workspaces/lab-2/.venv/lib/python3.12/site-packages/airflow/example_dags/example_inlet_event_extra.py                                                         0           0                                                            0
/workspaces/lab-2/.venv/lib/python3.12/site-packages/airflow/example_dags/example_bash_operator.py                                                             0           0                                                            0
/workspaces/lab-2/.venv/lib/python3.12/site-packages/airflow/example_dags/example_branch_datetime_operator.py                                                  0           0                                                            0
/workspaces/lab-2/.venv/lib/python3.12/site-packages/airflow/example_dags/example_latest_only_with_trigger.py                                                  0           0                                                            0
/workspaces/lab-2/.venv/lib/python3.12/site-packages/airflow/example_dags/example_branch_day_of_week_operator.py                                               0           0                                                            0
/workspaces/lab-2/.venv/lib/python3.12/site-packages/airflow/example_dags/example_dataset_alias_with_no_taskflow.py                                            0           0                                                            0
/workspaces/lab-2/.venv/lib/python3.12/site-packages/airflow/example_dags/example_display_name.py                                                              0           0                                                            0
/workspaces/lab-2/.venv/lib/python3.12/site-packages/airflow/example_dags/example_kubernetes_executor.py                                                       0           0                                                            0
/workspaces/lab-2/.venv/lib/python3.12/site-packages/airflow/example_dags/example_dynamic_task_mapping.py                                                      0           0                                                            0
/workspaces/lab-2/.venv/lib/python3.12/site-packages/airflow/example_dags/example_local_kubernetes_executor.py                                                 0           0                                                            0
/workspaces/lab-2/.venv/lib/python3.12/site-packages/airflow/example_dags/example_dataset_alias.py                                                             0           0                                                            0
/workspaces/lab-2/.venv/lib/python3.12/site-packages/airflow/example_dags/example_params_trigger_ui.py                                                         0           0                                                            0
/workspaces/lab-2/.venv/lib/python3.12/site-packages/airflow/example_dags/example_outlet_event_extra.py                                                        0           0                                                            0
/workspaces/lab-2/.venv/lib/python3.12/site-packages/airflow/example_dags/example_latest_only.py                                                               0           0                                                            0
/workspaces/lab-2/.venv/lib/python3.12/site-packages/airflow/example_dags/example_dag_decorator.py                                                             0           0                                                            0
/workspaces/lab-2/.venv/lib/python3.12/site-packages/airflow/example_dags/example_external_task_marker_dag.py                                                  0           0                                                            0
/workspaces/lab-2/.venv/lib/python3.12/site-packages/airflow/example_dags/example_bash_decorator.py                                                            0           0                                                            0
/workspaces/lab-2/.venv/lib/python3.12/site-packages/airflow/example_dags/example_branch_operator_decorator.py                                                 0           0                                                            0
/workspaces/lab-2/.venv/lib/python3.12/site-packages/airflow/example_dags/example_nested_branch_dag.py                                                         0           0                                                            0
/workspaces/lab-2/.venv/lib/python3.12/site-packages/airflow/example_dags/example_branch_labels.py                                                             0           0                                                            0
/workspaces/lab-2/.venv/lib/python3.12/site-packages/airflow/example_dags/example_branch_python_dop_operator_3.py                                              0           0                                                            0
/workspaces/lab-2/.venv/lib/python3.12/site-packages/airflow/example_dags/example_complex.py                                                                   0           0                                                            0
================================================================================
[2026-08-20T11:07:38.446+0000] {manager.py:997} INFO - 
================================================================================
DAG File Processing Stats

File Path                                                                                                                             PID    Runtime      # DAGs    # Errors  Last Runtime    Last Run               Last # of DB Queries
------------------------------------------------------------------------------------------------------------------------------------  -----  ---------  --------  ----------  --------------  -------------------  ----------------------
/workspaces/lab-2/.venv/lib/python3.12/site-packages/airflow/example_dags/example_python_operator.py                                                           1           0  0.31s           2026-08-20T11:07:04                      32
/workspaces/lab-2/.venv/lib/python3.12/site-packages/airflow/example_dags/example_branch_day_of_week_operator.py                                               1           0  0.21s           2026-08-20T11:07:29                      12
/workspaces/lab-2/.venv/lib/python3.12/site-packages/airflow/example_dags/example_params_ui_tutorial.py                                                        1           0  0.21s           2026-08-20T11:07:07                      10
/workspaces/lab-2/.venv/lib/python3.12/site-packages/airflow/example_dags/example_python_decorator.py                                                          1           0  0.21s           2026-08-20T11:07:03                      32
/workspaces/lab-2/.venv/lib/python3.12/site-packages/airflow/example_dags/example_bash_decorator.py                                                            1           0  0.21s           2026-08-20T11:07:32                      32
/workspaces/lab-2/.venv/lib/python3.12/site-packages/airflow/example_dags/example_dag_decorator.py                                                             1           0  0.21s           2026-08-20T11:07:23                      32
/workspaces/lab-2/.venv/lib/python3.12/site-packages/airflow/example_dags/tutorial_taskflow_api_virtualenv.py                                                  1           0  0.21s           2026-08-20T11:06:46                      32
/workspaces/lab-2/.venv/lib/python3.12/site-packages/airflow/example_dags/example_branch_operator_decorator.py                                                 1           0  0.21s           2026-08-20T11:07:30                      34
/workspaces/lab-2/.venv/lib/python3.12/site-packages/airflow/example_dags/example_branch_operator.py                                                           1           0  0.21s           2026-08-20T11:07:26                      34
/workspaces/lab-2/.venv/lib/python3.12/site-packages/airflow/example_dags/example_datasets.py                                                                 10           0  0.21s           2026-08-20T11:07:20                      49
/workspaces/lab-2/.venv/lib/python3.12/site-packages/airflow/example_dags/tutorial_taskflow_api.py                                                             1           0  0.11s           2026-08-20T11:06:44                      10
/workspaces/lab-2/.venv/lib/python3.12/site-packages/airflow/example_dags/example_workday_timetable.py                                                         1           0  0.11s           2026-08-20T11:06:50                      12
/workspaces/lab-2/.venv/lib/python3.12/site-packages/airflow/example_dags/example_skip_dag.py                                                                  1           0  0.11s           2026-08-20T11:07:02                      12
/workspaces/lab-2/.venv/lib/python3.12/site-packages/airflow/example_dags/example_setup_teardown_taskflow.py                                                   1           0  0.11s           2026-08-20T11:06:58                      10
/workspaces/lab-2/.venv/lib/python3.12/site-packages/airflow/example_dags/example_kubernetes_executor.py                                                       0           0  0.11s           2026-08-20T11:07:17                       3
/workspaces/lab-2/.venv/lib/python3.12/site-packages/airflow/example_dags/example_dataset_alias_with_no_taskflow.py                                            4           0  0.11s           2026-08-20T11:07:21                      27
/workspaces/lab-2/dags/etl_ingestion_dag.py                                                                                                                    0           1  0.11s           2026-08-20T11:07:34                       5
/workspaces/lab-2/.venv/lib/python3.12/site-packages/airflow/example_dags/example_short_circuit_operator.py                                                    1           0  0.11s           2026-08-20T11:06:59                      10
/workspaces/lab-2/.venv/lib/python3.12/site-packages/airflow/example_dags/example_setup_teardown.py                                                            1           0  0.11s           2026-08-20T11:07:00                      10
/workspaces/lab-2/.venv/lib/python3.12/site-packages/airflow/example_dags/example_dataset_alias.py                                                             4           0  0.11s           2026-08-20T11:07:22                      27
/workspaces/lab-2/.venv/lib/python3.12/site-packages/airflow/example_dags/plugins/event_listener.py                                                            0           0  0.11s           2026-08-20T11:07:38                       3
/workspaces/lab-2/.venv/lib/python3.12/site-packages/airflow/example_dags/example_external_task_marker_dag.py                                                  2           0  0.11s           2026-08-20T11:07:18                      13
/workspaces/lab-2/.venv/lib/python3.12/site-packages/airflow/example_dags/example_outlet_event_extra.py                                                        3           0  0.11s           2026-08-20T11:07:10                      19
/workspaces/lab-2/.venv/lib/python3.12/site-packages/airflow/example_dags/plugins/listener_plugin.py                                                           0           0  0.11s           2026-08-20T11:07:36                       3
/workspaces/lab-2/.venv/lib/python3.12/site-packages/airflow/example_dags/tutorial.py                                                                          1           0  0.11s           2026-08-20T11:06:47                      12
/workspaces/lab-2/.venv/lib/python3.12/site-packages/airflow/example_dags/plugins/decreasing_priority_weight_strategy.py                                       0           0  0.11s           2026-08-20T11:07:35                       3
/workspaces/lab-2/.venv/lib/python3.12/site-packages/airflow/example_dags/example_bash_operator.py                                                             1           0  0.11s           2026-08-20T11:07:27                      12
/workspaces/lab-2/.venv/lib/python3.12/site-packages/airflow/example_dags/example_branch_labels.py                                                             1           0  0.11s           2026-08-20T11:07:31                      12
/workspaces/lab-2/.venv/lib/python3.12/site-packages/airflow/example_dags/example_nested_branch_dag.py                                                         1           0  0.11s           2026-08-20T11:07:13                      12
/workspaces/lab-2/.venv/lib/python3.12/site-packages/airflow/example_dags/example_latest_only.py                                                               1           0  0.11s           2026-08-20T11:07:12                      12
/workspaces/lab-2/.venv/lib/python3.12/site-packages/airflow/example_dags/example_branch_python_dop_operator_3.py                                              1           0  0.11s           2026-08-20T11:07:24                      12
/workspaces/lab-2/.venv/lib/python3.12/site-packages/airflow/example_dags/example_xcomargs.py                                                                  2           0  0.11s           2026-08-20T11:06:47                      13
/workspaces/lab-2/.venv/lib/python3.12/site-packages/airflow/example_dags/example_branch_datetime_operator.py                                                  3           0  0.11s           2026-08-20T11:07:28                      18
/workspaces/lab-2/.venv/lib/python3.12/site-packages/airflow/example_dags/subdags/subdag.py                                                                    0           0  0.11s           2026-08-20T11:07:34                       3
/workspaces/lab-2/.venv/lib/python3.12/site-packages/airflow/example_dags/example_display_name.py                                                              1           0  0.11s           2026-08-20T11:07:16                      10
/workspaces/lab-2/.venv/lib/python3.12/site-packages/airflow/example_dags/example_dynamic_task_mapping.py                                                      1           0  0.11s           2026-08-20T11:07:18                      10
/workspaces/lab-2/.venv/lib/python3.12/site-packages/airflow/example_dags/example_task_group.py                                                                1           0  0.11s           2026-08-20T11:06:57                      10
/workspaces/lab-2/.venv/lib/python3.12/site-packages/airflow/example_dags/example_time_delta_sensor_async.py                                                   1           0  0.11s           2026-08-20T11:06:55                      10
/workspaces/lab-2/.venv/lib/python3.12/site-packages/airflow/example_dags/example_xcom.py                                                                      1           0  0.11s           2026-08-20T11:06:51                      12
/workspaces/lab-2/.venv/lib/python3.12/site-packages/airflow/example_dags/example_short_circuit_decorator.py                                                   1           0  0.11s           2026-08-20T11:06:58                      10
/workspaces/lab-2/.venv/lib/python3.12/site-packages/airflow/example_dags/example_sensors.py                                                                   1           0  0.11s           2026-08-20T11:07:01                      10
/workspaces/lab-2/.venv/lib/python3.12/site-packages/airflow/example_dags/example_trigger_target_dag.py                                                        1           0  0.11s           2026-08-20T11:06:49                      10
/workspaces/lab-2/.venv/lib/python3.12/site-packages/airflow/example_dags/tutorial_dag.py                                                                      1           0  0.11s           2026-08-20T11:06:52                      10
/workspaces/lab-2/.venv/lib/python3.12/site-packages/airflow/example_dags/plugins/workday.py                                                                   0           0  0.11s           2026-08-20T11:07:37                       3
/workspaces/lab-2/.venv/lib/python3.12/site-packages/airflow/example_dags/example_dynamic_task_mapping_with_no_taskflow_operators.py                           1           0  0.11s           2026-08-20T11:07:13                      10
/workspaces/lab-2/.venv/lib/python3.12/site-packages/airflow/example_dags/example_local_kubernetes_executor.py                                                 0           0  0.11s           2026-08-20T11:07:08                       3
/workspaces/lab-2/.venv/lib/python3.12/site-packages/airflow/example_dags/example_complex.py                                                                   1           0  0.11s           2026-08-20T11:07:25                      10
/workspaces/lab-2/.venv/lib/python3.12/site-packages/airflow/example_dags/example_sensor_decorator.py                                                          1           0  0.11s           2026-08-20T11:07:08                      10
/workspaces/lab-2/.venv/lib/python3.12/site-packages/airflow/example_dags/tutorial_objectstorage.py                                                            1           0  0.11s           2026-08-20T11:06:45                      10
/workspaces/lab-2/.venv/lib/python3.12/site-packages/airflow/example_dags/example_passing_params_via_test_command.py                                           1           0  0.11s           2026-08-20T11:07:05                      12
/workspaces/lab-2/.venv/lib/python3.12/site-packages/airflow/example_dags/example_inlet_event_extra.py                                                         2           0  0.10s           2026-08-20T11:07:14                      15
/workspaces/lab-2/.venv/lib/python3.12/site-packages/airflow/example_dags/example_sla_dag.py                                                                   1           0  0.10s           2026-08-20T11:06:52                      12
/workspaces/lab-2/.venv/lib/python3.12/site-packages/airflow/example_dags/example_subdag_operator.py                                                           3           0  0.10s           2026-08-20T11:06:54                      20
/workspaces/lab-2/.venv/lib/python3.12/site-packages/airflow/example_dags/example_params_trigger_ui.py                                                         1           0  0.10s           2026-08-20T11:07:09                      10
/workspaces/lab-2/.venv/lib/python3.12/site-packages/airflow/example_dags/example_task_group_decorator.py                                                      1           0  0.10s           2026-08-20T11:06:56                      10
/workspaces/lab-2/.venv/lib/python3.12/site-packages/airflow/example_dags/example_latest_only_with_trigger.py                                                  1           0  0.10s           2026-08-20T11:07:08                      12
/workspaces/lab-2/.venv/lib/python3.12/site-packages/airflow/example_dags/example_trigger_controller_dag.py                                                    1           0  0.10s           2026-08-20T11:06:53                      12
================================================================================
[2026-08-20T11:08:09.011+0000] {manager.py:997} INFO - 
================================================================================
DAG File Processing Stats

File Path                                                                                                                             PID    Runtime      # DAGs    # Errors  Last Runtime    Last Run               Last # of DB Queries
------------------------------------------------------------------------------------------------------------------------------------  -----  ---------  --------  ----------  --------------  -------------------  ----------------------
/workspaces/lab-2/.venv/lib/python3.12/site-packages/airflow/example_dags/example_params_trigger_ui.py                                                         1           0  0.42s           2026-08-20T11:08:08                      10
/workspaces/lab-2/.venv/lib/python3.12/site-packages/airflow/example_dags/example_outlet_event_extra.py                                                        3           0  0.33s           2026-08-20T11:08:09                      19
/workspaces/lab-2/.venv/lib/python3.12/site-packages/airflow/example_dags/example_sensor_decorator.py                                                          1           0  0.32s           2026-08-20T11:08:04                      10
/workspaces/lab-2/.venv/lib/python3.12/site-packages/airflow/example_dags/example_python_operator.py                                                           1           0  0.23s           2026-08-20T11:08:00                      10
/workspaces/lab-2/.venv/lib/python3.12/site-packages/airflow/example_dags/example_latest_only_with_trigger.py                                                  1           0  0.22s           2026-08-20T11:08:05                      12
/workspaces/lab-2/.venv/lib/python3.12/site-packages/airflow/example_dags/example_params_ui_tutorial.py                                                        1           0  0.21s           2026-08-20T11:08:02                      10
/workspaces/lab-2/.venv/lib/python3.12/site-packages/airflow/example_dags/example_branch_day_of_week_operator.py                                               1           0  0.21s           2026-08-20T11:07:29                      12
/workspaces/lab-2/.venv/lib/python3.12/site-packages/airflow/example_dags/example_passing_params_via_test_command.py                                           1           0  0.21s           2026-08-20T11:08:01                      12
/workspaces/lab-2/.venv/lib/python3.12/site-packages/airflow/example_dags/example_bash_decorator.py                                                            1           0  0.21s           2026-08-20T11:07:32                      32
/workspaces/lab-2/.venv/lib/python3.12/site-packages/airflow/example_dags/example_dag_decorator.py                                                             1           0  0.21s           2026-08-20T11:07:23                      32
/workspaces/lab-2/.venv/lib/python3.12/site-packages/airflow/example_dags/example_branch_operator_decorator.py                                                 1           0  0.21s           2026-08-20T11:07:30                      34
/workspaces/lab-2/.venv/lib/python3.12/site-packages/airflow/example_dags/example_branch_operator.py                                                           1           0  0.21s           2026-08-20T11:07:26                      34
/workspaces/lab-2/.venv/lib/python3.12/site-packages/airflow/example_dags/example_datasets.py                                                                 10           0  0.21s           2026-08-20T11:07:20                      49
/workspaces/lab-2/.venv/lib/python3.12/site-packages/airflow/example_dags/example_local_kubernetes_executor.py                                                 0           0  0.14s           2026-08-20T11:08:06                       3
/workspaces/lab-2/.venv/lib/python3.12/site-packages/airflow/example_dags/example_sensors.py                                                                   1           0  0.12s           2026-08-20T11:07:57                      10
/workspaces/lab-2/.venv/lib/python3.12/site-packages/airflow/example_dags/example_kubernetes_executor.py                                                       0           0  0.11s           2026-08-20T11:07:17                       3
/workspaces/lab-2/.venv/lib/python3.12/site-packages/airflow/example_dags/example_setup_teardown_taskflow.py                                                   1           0  0.11s           2026-08-20T11:07:53                      10
/workspaces/lab-2/.venv/lib/python3.12/site-packages/airflow/example_dags/example_short_circuit_operator.py                                                    1           0  0.11s           2026-08-20T11:07:55                      10
/workspaces/lab-2/.venv/lib/python3.12/site-packages/airflow/example_dags/example_dataset_alias_with_no_taskflow.py                                            4           0  0.11s           2026-08-20T11:07:21                      27
/workspaces/lab-2/.venv/lib/python3.12/site-packages/airflow/example_dags/example_time_delta_sensor_async.py                                                   1           0  0.11s           2026-08-20T11:07:51                      10
/workspaces/lab-2/.venv/lib/python3.12/site-packages/airflow/example_dags/example_trigger_controller_dag.py                                                    1           0  0.11s           2026-08-20T11:07:48                      12
/workspaces/lab-2/.venv/lib/python3.12/site-packages/airflow/example_dags/tutorial_dag.py                                                                      1           0  0.11s           2026-08-20T11:07:47                      10
/workspaces/lab-2/dags/etl_ingestion_dag.py                                                                                                                    0           1  0.11s           2026-08-20T11:07:34                       5
/workspaces/lab-2/.venv/lib/python3.12/site-packages/airflow/example_dags/example_dataset_alias.py                                                             4           0  0.11s           2026-08-20T11:07:22                      27
/workspaces/lab-2/.venv/lib/python3.12/site-packages/airflow/example_dags/plugins/event_listener.py                                                            0           0  0.11s           2026-08-20T11:07:38                       3
/workspaces/lab-2/.venv/lib/python3.12/site-packages/airflow/example_dags/example_external_task_marker_dag.py                                                  2           0  0.11s           2026-08-20T11:07:18                      13
/workspaces/lab-2/.venv/lib/python3.12/site-packages/airflow/example_dags/plugins/listener_plugin.py                                                           0           0  0.11s           2026-08-20T11:07:36                       3
/workspaces/lab-2/.venv/lib/python3.12/site-packages/airflow/example_dags/tutorial_objectstorage.py                                                            1           0  0.11s           2026-08-20T11:07:39                      10
/workspaces/lab-2/.venv/lib/python3.12/site-packages/airflow/example_dags/plugins/decreasing_priority_weight_strategy.py                                       0           0  0.11s           2026-08-20T11:07:35                       3
/workspaces/lab-2/.venv/lib/python3.12/site-packages/airflow/example_dags/example_task_group.py                                                                1           0  0.11s           2026-08-20T11:07:53                      10
/workspaces/lab-2/.venv/lib/python3.12/site-packages/airflow/example_dags/example_bash_operator.py                                                             1           0  0.11s           2026-08-20T11:07:27                      12
/workspaces/lab-2/.venv/lib/python3.12/site-packages/airflow/example_dags/example_branch_labels.py                                                             1           0  0.11s           2026-08-20T11:07:31                      12
/workspaces/lab-2/.venv/lib/python3.12/site-packages/airflow/example_dags/example_task_group_decorator.py                                                      1           0  0.11s           2026-08-20T11:07:52                      10
/workspaces/lab-2/.venv/lib/python3.12/site-packages/airflow/example_dags/example_xcom.py                                                                      1           0  0.11s           2026-08-20T11:07:45                      12
/workspaces/lab-2/.venv/lib/python3.12/site-packages/airflow/example_dags/example_nested_branch_dag.py                                                         1           0  0.11s           2026-08-20T11:07:13                      12
/workspaces/lab-2/.venv/lib/python3.12/site-packages/airflow/example_dags/example_skip_dag.py                                                                  1           0  0.11s           2026-08-20T11:07:58                      12
/workspaces/lab-2/.venv/lib/python3.12/site-packages/airflow/example_dags/example_subdag_operator.py                                                           3           0  0.11s           2026-08-20T11:07:49                      20
/workspaces/lab-2/.venv/lib/python3.12/site-packages/airflow/example_dags/example_latest_only.py                                                               1           0  0.11s           2026-08-20T11:07:12                      12
/workspaces/lab-2/.venv/lib/python3.12/site-packages/airflow/example_dags/example_branch_python_dop_operator_3.py                                              1           0  0.11s           2026-08-20T11:07:24                      12
/workspaces/lab-2/.venv/lib/python3.12/site-packages/airflow/example_dags/example_branch_datetime_operator.py                                                  3           0  0.11s           2026-08-20T11:07:28                      18
/workspaces/lab-2/.venv/lib/python3.12/site-packages/airflow/example_dags/subdags/subdag.py                                                                    0           0  0.11s           2026-08-20T11:07:34                       3
/workspaces/lab-2/.venv/lib/python3.12/site-packages/airflow/example_dags/example_display_name.py                                                              1           0  0.11s           2026-08-20T11:07:16                      10
/workspaces/lab-2/.venv/lib/python3.12/site-packages/airflow/example_dags/example_dynamic_task_mapping.py                                                      1           0  0.11s           2026-08-20T11:07:18                      10
/workspaces/lab-2/.venv/lib/python3.12/site-packages/airflow/example_dags/example_short_circuit_decorator.py                                                   1           0  0.11s           2026-08-20T11:07:54                      10
/workspaces/lab-2/.venv/lib/python3.12/site-packages/airflow/example_dags/example_sla_dag.py                                                                   1           0  0.11s           2026-08-20T11:07:48                      12
/workspaces/lab-2/.venv/lib/python3.12/site-packages/airflow/example_dags/example_xcomargs.py                                                                  2           0  0.11s           2026-08-20T11:07:41                      13
/workspaces/lab-2/.venv/lib/python3.12/site-packages/airflow/example_dags/tutorial.py                                                                          1           0  0.11s           2026-08-20T11:07:43                      12
/workspaces/lab-2/.venv/lib/python3.12/site-packages/airflow/example_dags/example_setup_teardown.py                                                            1           0  0.11s           2026-08-20T11:07:56                      10
/workspaces/lab-2/.venv/lib/python3.12/site-packages/airflow/example_dags/plugins/workday.py                                                                   0           0  0.11s           2026-08-20T11:07:37                       3
/workspaces/lab-2/.venv/lib/python3.12/site-packages/airflow/example_dags/example_dynamic_task_mapping_with_no_taskflow_operators.py                           1           0  0.11s           2026-08-20T11:07:13                      10
/workspaces/lab-2/.venv/lib/python3.12/site-packages/airflow/example_dags/example_complex.py                                                                   1           0  0.11s           2026-08-20T11:07:25                      10
/workspaces/lab-2/.venv/lib/python3.12/site-packages/airflow/example_dags/tutorial_taskflow_api_virtualenv.py                                                  1           0  0.11s           2026-08-20T11:07:40                      10
/workspaces/lab-2/.venv/lib/python3.12/site-packages/airflow/example_dags/example_python_decorator.py                                                          1           0  0.11s           2026-08-20T11:07:58                      10
/workspaces/lab-2/.venv/lib/python3.12/site-packages/airflow/example_dags/example_inlet_event_extra.py                                                         2           0  0.10s           2026-08-20T11:07:14                      15
/workspaces/lab-2/.venv/lib/python3.12/site-packages/airflow/example_dags/example_trigger_target_dag.py                                                        1           0  0.10s           2026-08-20T11:07:44                      10
/workspaces/lab-2/.venv/lib/python3.12/site-packages/airflow/example_dags/example_workday_timetable.py                                                         1           0  0.10s           2026-08-20T11:07:44                      12
/workspaces/lab-2/.venv/lib/python3.12/site-packages/airflow/example_dags/tutorial_taskflow_api.py                                                             1           0  0.10s           2026-08-20T11:07:38                      10
================================================================================
[2026-08-20T11:08:39.090+0000] {manager.py:997} INFO - 
================================================================================
DAG File Processing Stats

File Path                                                                                                                             PID    Runtime      # DAGs    # Errors  Last Runtime    Last Run               Last # of DB Queries
------------------------------------------------------------------------------------------------------------------------------------  -----  ---------  --------  ----------  --------------  -------------------  ----------------------
/workspaces/lab-2/.venv/lib/python3.12/site-packages/airflow/example_dags/example_params_trigger_ui.py                                                         1           0  0.42s           2026-08-20T11:08:08                      10
/workspaces/lab-2/.venv/lib/python3.12/site-packages/airflow/example_dags/example_outlet_event_extra.py                                                        3           0  0.33s           2026-08-20T11:08:09                      19
/workspaces/lab-2/.venv/lib/python3.12/site-packages/airflow/example_dags/example_sensor_decorator.py                                                          1           0  0.32s           2026-08-20T11:08:04                      10
/workspaces/lab-2/.venv/lib/python3.12/site-packages/airflow/example_dags/example_dag_decorator.py                                                             1           0  0.31s           2026-08-20T11:08:21                      32
/workspaces/lab-2/.venv/lib/python3.12/site-packages/airflow/example_dags/example_python_operator.py                                                           1           0  0.23s           2026-08-20T11:08:00                      10
/workspaces/lab-2/.venv/lib/python3.12/site-packages/airflow/example_dags/example_inlet_event_extra.py                                                         2           0  0.22s           2026-08-20T11:08:13                      15
/workspaces/lab-2/.venv/lib/python3.12/site-packages/airflow/example_dags/example_latest_only_with_trigger.py                                                  1           0  0.22s           2026-08-20T11:08:05                      12
/workspaces/lab-2/.venv/lib/python3.12/site-packages/airflow/example_dags/example_dynamic_task_mapping_with_no_taskflow_operators.py                           1           0  0.21s           2026-08-20T11:08:12                      10
/workspaces/lab-2/.venv/lib/python3.12/site-packages/airflow/example_dags/example_dataset_alias.py                                                             4           0  0.21s           2026-08-20T11:08:20                      27
/workspaces/lab-2/.venv/lib/python3.12/site-packages/airflow/example_dags/example_nested_branch_dag.py                                                         1           0  0.21s           2026-08-20T11:08:10                      12
/workspaces/lab-2/.venv/lib/python3.12/site-packages/airflow/example_dags/example_display_name.py                                                              1           0  0.21s           2026-08-20T11:08:14                      10
/workspaces/lab-2/.venv/lib/python3.12/site-packages/airflow/example_dags/example_latest_only.py                                                               1           0  0.21s           2026-08-20T11:08:10                      12
/workspaces/lab-2/.venv/lib/python3.12/site-packages/airflow/example_dags/example_params_ui_tutorial.py                                                        1           0  0.21s           2026-08-20T11:08:02                      10
/workspaces/lab-2/.venv/lib/python3.12/site-packages/airflow/example_dags/example_datasets.py                                                                 10           0  0.21s           2026-08-20T11:08:18                      49
/workspaces/lab-2/.venv/lib/python3.12/site-packages/airflow/example_dags/example_passing_params_via_test_command.py                                           1           0  0.21s           2026-08-20T11:08:01                      12
/workspaces/lab-2/.venv/lib/python3.12/site-packages/airflow/example_dags/example_branch_python_dop_operator_3.py                                              1           0  0.21s           2026-08-20T11:08:22                      12
/workspaces/lab-2/.venv/lib/python3.12/site-packages/airflow/example_dags/example_branch_datetime_operator.py                                                  3           0  0.21s           2026-08-20T11:08:26                      18
/workspaces/lab-2/.venv/lib/python3.12/site-packages/airflow/example_dags/example_dataset_alias_with_no_taskflow.py                                            4           0  0.21s           2026-08-20T11:08:19                      27
/workspaces/lab-2/.venv/lib/python3.12/site-packages/airflow/example_dags/example_bash_decorator.py                                                            1           0  0.21s           2026-08-20T11:07:32                      32
/workspaces/lab-2/.venv/lib/python3.12/site-packages/airflow/example_dags/example_branch_operator_decorator.py                                                 1           0  0.21s           2026-08-20T11:07:30                      34
/workspaces/lab-2/.venv/lib/python3.12/site-packages/airflow/example_dags/example_local_kubernetes_executor.py                                                 0           0  0.14s           2026-08-20T11:08:06                       3
/workspaces/lab-2/.venv/lib/python3.12/site-packages/airflow/example_dags/example_sensors.py                                                                   1           0  0.12s           2026-08-20T11:07:57                      10
/workspaces/lab-2/.venv/lib/python3.12/site-packages/airflow/example_dags/example_dynamic_task_mapping.py                                                      1           0  0.12s           2026-08-20T11:08:15                      10
/workspaces/lab-2/.venv/lib/python3.12/site-packages/airflow/example_dags/plugins/decreasing_priority_weight_strategy.py                                       0           0  0.11s           2026-08-20T11:08:30                       3
/workspaces/lab-2/.venv/lib/python3.12/site-packages/airflow/example_dags/example_complex.py                                                                   1           0  0.11s           2026-08-20T11:08:23                      10
/workspaces/lab-2/.venv/lib/python3.12/site-packages/airflow/example_dags/example_xcomargs.py                                                                  2           0  0.11s           2026-08-20T11:08:37                      13
/workspaces/lab-2/.venv/lib/python3.12/site-packages/airflow/example_dags/tutorial_taskflow_api.py                                                             1           0  0.11s           2026-08-20T11:08:35                      10
/workspaces/lab-2/.venv/lib/python3.12/site-packages/airflow/example_dags/example_external_task_marker_dag.py                                                  2           0  0.11s           2026-08-20T11:08:17                      13
/workspaces/lab-2/.venv/lib/python3.12/site-packages/airflow/example_dags/tutorial_taskflow_api_virtualenv.py                                                  1           0  0.11s           2026-08-20T11:08:36                      10
/workspaces/lab-2/.venv/lib/python3.12/site-packages/airflow/example_dags/plugins/listener_plugin.py                                                           0           0  0.11s           2026-08-20T11:08:31                       3
/workspaces/lab-2/.venv/lib/python3.12/site-packages/airflow/example_dags/example_setup_teardown_taskflow.py                                                   1           0  0.11s           2026-08-20T11:07:53                      10
/workspaces/lab-2/.venv/lib/python3.12/site-packages/airflow/example_dags/example_short_circuit_operator.py                                                    1           0  0.11s           2026-08-20T11:07:55                      10
/workspaces/lab-2/.venv/lib/python3.12/site-packages/airflow/example_dags/example_time_delta_sensor_async.py                                                   1           0  0.11s           2026-08-20T11:07:51                      10
/workspaces/lab-2/.venv/lib/python3.12/site-packages/airflow/example_dags/example_trigger_controller_dag.py                                                    1           0  0.11s           2026-08-20T11:07:48                      12
/workspaces/lab-2/.venv/lib/python3.12/site-packages/airflow/example_dags/tutorial_dag.py                                                                      1           0  0.11s           2026-08-20T11:07:47                      10
/workspaces/lab-2/.venv/lib/python3.12/site-packages/airflow/example_dags/tutorial.py                                                                          1           0  0.11s           2026-08-20T11:08:39                      12
/workspaces/lab-2/.venv/lib/python3.12/site-packages/airflow/example_dags/example_kubernetes_executor.py                                                       0           0  0.11s           2026-08-20T11:08:15                       3
/workspaces/lab-2/.venv/lib/python3.12/site-packages/airflow/example_dags/tutorial_objectstorage.py                                                            1           0  0.11s           2026-08-20T11:08:36                      10
/workspaces/lab-2/.venv/lib/python3.12/site-packages/airflow/example_dags/example_branch_day_of_week_operator.py                                               1           0  0.11s           2026-08-20T11:08:27                      12
/workspaces/lab-2/.venv/lib/python3.12/site-packages/airflow/example_dags/example_bash_operator.py                                                             1           0  0.11s           2026-08-20T11:08:25                      12
/workspaces/lab-2/.venv/lib/python3.12/site-packages/airflow/example_dags/example_task_group.py                                                                1           0  0.11s           2026-08-20T11:07:53                      10
/workspaces/lab-2/.venv/lib/python3.12/site-packages/airflow/example_dags/example_branch_operator.py                                                           1           0  0.11s           2026-08-20T11:08:24                      12
/workspaces/lab-2/.venv/lib/python3.12/site-packages/airflow/example_dags/example_branch_labels.py                                                             1           0  0.11s           2026-08-20T11:07:31                      12
/workspaces/lab-2/.venv/lib/python3.12/site-packages/airflow/example_dags/plugins/workday.py                                                                   0           0  0.11s           2026-08-20T11:08:32                       3
/workspaces/lab-2/.venv/lib/python3.12/site-packages/airflow/example_dags/example_task_group_decorator.py                                                      1           0  0.11s           2026-08-20T11:07:52                      10
/workspaces/lab-2/.venv/lib/python3.12/site-packages/airflow/example_dags/example_xcom.py                                                                      1           0  0.11s           2026-08-20T11:07:45                      12
/workspaces/lab-2/.venv/lib/python3.12/site-packages/airflow/example_dags/example_skip_dag.py                                                                  1           0  0.11s           2026-08-20T11:07:58                      12
/workspaces/lab-2/.venv/lib/python3.12/site-packages/airflow/example_dags/subdags/subdag.py                                                                    0           0  0.11s           2026-08-20T11:08:29                       3
/workspaces/lab-2/.venv/lib/python3.12/site-packages/airflow/example_dags/example_subdag_operator.py                                                           3           0  0.11s           2026-08-20T11:07:49                      20
/workspaces/lab-2/.venv/lib/python3.12/site-packages/airflow/example_dags/example_short_circuit_decorator.py                                                   1           0  0.11s           2026-08-20T11:07:54                      10
/workspaces/lab-2/.venv/lib/python3.12/site-packages/airflow/example_dags/example_sla_dag.py                                                                   1           0  0.11s           2026-08-20T11:07:48                      12
/workspaces/lab-2/.venv/lib/python3.12/site-packages/airflow/example_dags/example_setup_teardown.py                                                            1           0  0.11s           2026-08-20T11:07:56                      10
/workspaces/lab-2/.venv/lib/python3.12/site-packages/airflow/example_dags/plugins/event_listener.py                                                            0           0  0.11s           2026-08-20T11:08:34                       3
/workspaces/lab-2/.venv/lib/python3.12/site-packages/airflow/example_dags/example_python_decorator.py                                                          1           0  0.11s           2026-08-20T11:07:58                      10
/workspaces/lab-2/.venv/lib/python3.12/site-packages/airflow/example_dags/example_trigger_target_dag.py                                                        1           0  0.10s           2026-08-20T11:07:44                      10
/workspaces/lab-2/dags/etl_ingestion_dag.py                                                                                                                    0           1  0.10s           2026-08-20T11:08:28                       5
/workspaces/lab-2/.venv/lib/python3.12/site-packages/airflow/example_dags/example_workday_timetable.py                                                         1           0  0.10s           2026-08-20T11:07:44                      12
================================================================================
[2026-08-20T11:09:09.723+0000] {manager.py:997} INFO - 
================================================================================
DAG File Processing Stats

File Path                                                                                                                             PID    Runtime      # DAGs    # Errors  Last Runtime    Last Run               Last # of DB Queries
------------------------------------------------------------------------------------------------------------------------------------  -----  ---------  --------  ----------  --------------  -------------------  ----------------------
/workspaces/lab-2/.venv/lib/python3.12/site-packages/airflow/example_dags/example_dag_decorator.py                                                             1           0  0.31s           2026-08-20T11:08:21                      32
/workspaces/lab-2/.venv/lib/python3.12/site-packages/airflow/example_dags/example_xcom.py                                                                      1           0  0.22s           2026-08-20T11:08:40                      12
/workspaces/lab-2/.venv/lib/python3.12/site-packages/airflow/example_dags/example_dataset_alias.py                                                             4           0  0.21s           2026-08-20T11:08:20                      27
/workspaces/lab-2/.venv/lib/python3.12/site-packages/airflow/example_dags/example_outlet_event_extra.py                                                        3           0  0.21s           2026-08-20T11:09:05                      19
/workspaces/lab-2/.venv/lib/python3.12/site-packages/airflow/example_dags/example_datasets.py                                                                 10           0  0.21s           2026-08-20T11:08:18                      49
/workspaces/lab-2/.venv/lib/python3.12/site-packages/airflow/example_dags/example_workday_timetable.py                                                         1           0  0.21s           2026-08-20T11:08:39                      12
/workspaces/lab-2/.venv/lib/python3.12/site-packages/airflow/example_dags/example_branch_python_dop_operator_3.py                                              1           0  0.21s           2026-08-20T11:08:22                      12
/workspaces/lab-2/.venv/lib/python3.12/site-packages/airflow/example_dags/example_inlet_event_extra.py                                                         2           0  0.21s           2026-08-20T11:09:09                      15
/workspaces/lab-2/.venv/lib/python3.12/site-packages/airflow/example_dags/example_branch_datetime_operator.py                                                  3           0  0.21s           2026-08-20T11:08:26                      18
/workspaces/lab-2/.venv/lib/python3.12/site-packages/airflow/example_dags/example_branch_operator_decorator.py                                                 1           0  0.21s           2026-08-20T11:08:54                      12
/workspaces/lab-2/.venv/lib/python3.12/site-packages/airflow/example_dags/example_dataset_alias_with_no_taskflow.py                                            4           0  0.21s           2026-08-20T11:08:19                      27
/workspaces/lab-2/.venv/lib/python3.12/site-packages/airflow/example_dags/example_python_operator.py                                                           1           0  0.12s           2026-08-20T11:08:58                      10
/workspaces/lab-2/.venv/lib/python3.12/site-packages/airflow/example_dags/example_dynamic_task_mapping.py                                                      1           0  0.12s           2026-08-20T11:08:15                      10
/workspaces/lab-2/.venv/lib/python3.12/site-packages/airflow/example_dags/plugins/decreasing_priority_weight_strategy.py                                       0           0  0.11s           2026-08-20T11:08:30                       3
/workspaces/lab-2/.venv/lib/python3.12/site-packages/airflow/example_dags/example_sla_dag.py                                                                   1           0  0.11s           2026-08-20T11:08:43                      12
/workspaces/lab-2/.venv/lib/python3.12/site-packages/airflow/example_dags/example_complex.py                                                                   1           0  0.11s           2026-08-20T11:08:23                      10
/workspaces/lab-2/.venv/lib/python3.12/site-packages/airflow/example_dags/example_xcomargs.py                                                                  2           0  0.11s           2026-08-20T11:08:37                      13
/workspaces/lab-2/.venv/lib/python3.12/site-packages/airflow/example_dags/example_params_trigger_ui.py                                                         1           0  0.11s           2026-08-20T11:09:03                      10
/workspaces/lab-2/.venv/lib/python3.12/site-packages/airflow/example_dags/example_latest_only_with_trigger.py                                                  1           0  0.11s           2026-08-20T11:09:02                      12
/workspaces/lab-2/.venv/lib/python3.12/site-packages/airflow/example_dags/example_sensor_decorator.py                                                          1           0  0.11s           2026-08-20T11:09:01                      10
/workspaces/lab-2/.venv/lib/python3.12/site-packages/airflow/example_dags/tutorial_taskflow_api.py                                                             1           0  0.11s           2026-08-20T11:08:35                      10
/workspaces/lab-2/.venv/lib/python3.12/site-packages/airflow/example_dags/example_external_task_marker_dag.py                                                  2           0  0.11s           2026-08-20T11:08:17                      13
/workspaces/lab-2/.venv/lib/python3.12/site-packages/airflow/example_dags/tutorial_taskflow_api_virtualenv.py                                                  1           0  0.11s           2026-08-20T11:08:36                      10
/workspaces/lab-2/.venv/lib/python3.12/site-packages/airflow/example_dags/plugins/listener_plugin.py                                                           0           0  0.11s           2026-08-20T11:08:31                       3
/workspaces/lab-2/.venv/lib/python3.12/site-packages/airflow/example_dags/example_dynamic_task_mapping_with_no_taskflow_operators.py                           1           0  0.11s           2026-08-20T11:09:07                      10
/workspaces/lab-2/.venv/lib/python3.12/site-packages/airflow/example_dags/example_trigger_target_dag.py                                                        1           0  0.11s           2026-08-20T11:08:39                      10
/workspaces/lab-2/.venv/lib/python3.12/site-packages/airflow/example_dags/example_short_circuit_operator.py                                                    1           0  0.11s           2026-08-20T11:08:50                      10
/workspaces/lab-2/.venv/lib/python3.12/site-packages/airflow/example_dags/example_task_group.py                                                                1           0  0.11s           2026-08-20T11:08:48                      10
/workspaces/lab-2/.venv/lib/python3.12/site-packages/airflow/example_dags/tutorial_dag.py                                                                      1           0  0.11s           2026-08-20T11:08:42                      10
/workspaces/lab-2/.venv/lib/python3.12/site-packages/airflow/example_dags/example_setup_teardown.py                                                            1           0  0.11s           2026-08-20T11:08:52                      10
/workspaces/lab-2/.venv/lib/python3.12/site-packages/airflow/example_dags/example_branch_labels.py                                                             1           0  0.11s           2026-08-20T11:08:55                      12
/workspaces/lab-2/.venv/lib/python3.12/site-packages/airflow/example_dags/example_skip_dag.py                                                                  1           0  0.11s           2026-08-20T11:08:53                      12
/workspaces/lab-2/.venv/lib/python3.12/site-packages/airflow/example_dags/tutorial.py                                                                          1           0  0.11s           2026-08-20T11:08:39                      12
/workspaces/lab-2/.venv/lib/python3.12/site-packages/airflow/example_dags/example_latest_only.py                                                               1           0  0.11s           2026-08-20T11:09:06                      12
/workspaces/lab-2/.venv/lib/python3.12/site-packages/airflow/example_dags/example_kubernetes_executor.py                                                       0           0  0.11s           2026-08-20T11:08:15                       3
/workspaces/lab-2/.venv/lib/python3.12/site-packages/airflow/example_dags/example_trigger_controller_dag.py                                                    1           0  0.11s           2026-08-20T11:08:44                      12
/workspaces/lab-2/.venv/lib/python3.12/site-packages/airflow/example_dags/tutorial_objectstorage.py                                                            1           0  0.11s           2026-08-20T11:08:36                      10
/workspaces/lab-2/.venv/lib/python3.12/site-packages/airflow/example_dags/example_branch_day_of_week_operator.py                                               1           0  0.11s           2026-08-20T11:08:27                      12
/workspaces/lab-2/.venv/lib/python3.12/site-packages/airflow/example_dags/example_time_delta_sensor_async.py                                                   1           0  0.11s           2026-08-20T11:08:46                      10
/workspaces/lab-2/.venv/lib/python3.12/site-packages/airflow/example_dags/example_local_kubernetes_executor.py                                                 0           0  0.11s           2026-08-20T11:09:02                       3
/workspaces/lab-2/.venv/lib/python3.12/site-packages/airflow/example_dags/example_short_circuit_decorator.py                                                   1           0  0.11s           2026-08-20T11:08:49                      10
/workspaces/lab-2/.venv/lib/python3.12/site-packages/airflow/example_dags/example_bash_operator.py                                                             1           0  0.11s           2026-08-20T11:08:25                      12
/workspaces/lab-2/.venv/lib/python3.12/site-packages/airflow/example_dags/example_branch_operator.py                                                           1           0  0.11s           2026-08-20T11:08:24                      12
/workspaces/lab-2/.venv/lib/python3.12/site-packages/airflow/example_dags/plugins/workday.py                                                                   0           0  0.11s           2026-08-20T11:08:32                       3
/workspaces/lab-2/.venv/lib/python3.12/site-packages/airflow/example_dags/subdags/subdag.py                                                                    0           0  0.11s           2026-08-20T11:08:29                       3
/workspaces/lab-2/.venv/lib/python3.12/site-packages/airflow/example_dags/example_setup_teardown_taskflow.py                                                   1           0  0.11s           2026-08-20T11:08:49                      10
/workspaces/lab-2/.venv/lib/python3.12/site-packages/airflow/example_dags/example_task_group_decorator.py                                                      1           0  0.11s           2026-08-20T11:08:47                      10
/workspaces/lab-2/.venv/lib/python3.12/site-packages/airflow/example_dags/example_sensors.py                                                                   1           0  0.11s           2026-08-20T11:08:52                      10
/workspaces/lab-2/.venv/lib/python3.12/site-packages/airflow/example_dags/example_subdag_operator.py                                                           3           0  0.11s           2026-08-20T11:08:45                      20
/workspaces/lab-2/.venv/lib/python3.12/site-packages/airflow/example_dags/example_nested_branch_dag.py                                                         1           0  0.11s           2026-08-20T11:09:07                      12
/workspaces/lab-2/.venv/lib/python3.12/site-packages/airflow/example_dags/example_display_name.py                                                              1           0  0.11s           2026-08-20T11:09:09                      10
/workspaces/lab-2/.venv/lib/python3.12/site-packages/airflow/example_dags/example_passing_params_via_test_command.py                                           1           0  0.11s           2026-08-20T11:08:59                      12
/workspaces/lab-2/.venv/lib/python3.12/site-packages/airflow/example_dags/example_python_decorator.py                                                          1           0  0.11s           2026-08-20T11:08:57                      10
/workspaces/lab-2/.venv/lib/python3.12/site-packages/airflow/example_dags/plugins/event_listener.py                                                            0           0  0.11s           2026-08-20T11:08:34                       3
/workspaces/lab-2/.venv/lib/python3.12/site-packages/airflow/example_dags/example_bash_decorator.py                                                            1           0  0.11s           2026-08-20T11:08:56                      10
/workspaces/lab-2/dags/etl_ingestion_dag.py                                                                                                                    0           1  0.10s           2026-08-20T11:08:28                       5
/workspaces/lab-2/.venv/lib/python3.12/site-packages/airflow/example_dags/example_params_ui_tutorial.py                                                        1           0  0.10s           2026-08-20T11:08:59                      10
================================================================================
[2026-08-20T11:09:40.006+0000] {manager.py:997} INFO - 
================================================================================
DAG File Processing Stats

File Path                                                                                                                             PID    Runtime      # DAGs    # Errors  Last Runtime    Last Run               Last # of DB Queries
------------------------------------------------------------------------------------------------------------------------------------  -----  ---------  --------  ----------  --------------  -------------------  ----------------------
/workspaces/lab-2/.venv/lib/python3.12/site-packages/airflow/example_dags/example_branch_operator.py                                                           1           0  0.22s           2026-08-20T11:09:19                      12
/workspaces/lab-2/.venv/lib/python3.12/site-packages/airflow/example_dags/example_dataset_alias_with_no_taskflow.py                                            4           0  0.21s           2026-08-20T11:09:14                      27
/workspaces/lab-2/.venv/lib/python3.12/site-packages/airflow/example_dags/example_outlet_event_extra.py                                                        3           0  0.21s           2026-08-20T11:09:05                      19
/workspaces/lab-2/.venv/lib/python3.12/site-packages/airflow/example_dags/example_datasets.py                                                                 10           0  0.21s           2026-08-20T11:09:13                      49
/workspaces/lab-2/.venv/lib/python3.12/site-packages/airflow/example_dags/example_dynamic_task_mapping.py                                                      1           0  0.21s           2026-08-20T11:09:11                      10
/workspaces/lab-2/.venv/lib/python3.12/site-packages/airflow/example_dags/example_inlet_event_extra.py                                                         2           0  0.21s           2026-08-20T11:09:09                      15
/workspaces/lab-2/.venv/lib/python3.12/site-packages/airflow/example_dags/example_workday_timetable.py                                                         1           0  0.21s           2026-08-20T11:09:33                      12
/workspaces/lab-2/.venv/lib/python3.12/site-packages/airflow/example_dags/example_branch_operator_decorator.py                                                 1           0  0.21s           2026-08-20T11:08:54                      12
/workspaces/lab-2/.venv/lib/python3.12/site-packages/airflow/example_dags/example_dag_decorator.py                                                             1           0  0.21s           2026-08-20T11:09:16                      32
/workspaces/lab-2/.venv/lib/python3.12/site-packages/airflow/example_dags/plugins/decreasing_priority_weight_strategy.py                                       0           0  0.13s           2026-08-20T11:09:24                       3
/workspaces/lab-2/.venv/lib/python3.12/site-packages/airflow/example_dags/example_python_operator.py                                                           1           0  0.12s           2026-08-20T11:08:58                      10
/workspaces/lab-2/.venv/lib/python3.12/site-packages/airflow/example_dags/example_subdag_operator.py                                                           3           0  0.11s           2026-08-20T11:09:38                      20
/workspaces/lab-2/.venv/lib/python3.12/site-packages/airflow/example_dags/tutorial_objectstorage.py                                                            1           0  0.11s           2026-08-20T11:09:28                      10
/workspaces/lab-2/.venv/lib/python3.12/site-packages/airflow/example_dags/example_params_trigger_ui.py                                                         1           0  0.11s           2026-08-20T11:09:03                      10
/workspaces/lab-2/.venv/lib/python3.12/site-packages/airflow/example_dags/example_latest_only_with_trigger.py                                                  1           0  0.11s           2026-08-20T11:09:02                      12
/workspaces/lab-2/.venv/lib/python3.12/site-packages/airflow/example_dags/tutorial_taskflow_api_virtualenv.py                                                  1           0  0.11s           2026-08-20T11:09:29                      10
/workspaces/lab-2/.venv/lib/python3.12/site-packages/airflow/example_dags/example_sensor_decorator.py                                                          1           0  0.11s           2026-08-20T11:09:01                      10
/workspaces/lab-2/.venv/lib/python3.12/site-packages/airflow/example_dags/example_kubernetes_executor.py                                                       0           0  0.11s           2026-08-20T11:09:10                       3
/workspaces/lab-2/.venv/lib/python3.12/site-packages/airflow/example_dags/example_trigger_controller_dag.py                                                    1           0  0.11s           2026-08-20T11:09:38                      12
/workspaces/lab-2/.venv/lib/python3.12/site-packages/airflow/example_dags/example_dataset_alias.py                                                             4           0  0.11s           2026-08-20T11:09:15                      27
/workspaces/lab-2/.venv/lib/python3.12/site-packages/airflow/example_dags/subdags/subdag.py                                                                    0           0  0.11s           2026-08-20T11:09:23                       3
/workspaces/lab-2/.venv/lib/python3.12/site-packages/airflow/example_dags/tutorial.py                                                                          1           0  0.11s           2026-08-20T11:09:31                      12
/workspaces/lab-2/.venv/lib/python3.12/site-packages/airflow/example_dags/example_time_delta_sensor_async.py                                                   1           0  0.11s           2026-08-20T11:09:40                      10
/workspaces/lab-2/.venv/lib/python3.12/site-packages/airflow/example_dags/example_dynamic_task_mapping_with_no_taskflow_operators.py                           1           0  0.11s           2026-08-20T11:09:07                      10
/workspaces/lab-2/.venv/lib/python3.12/site-packages/airflow/example_dags/example_short_circuit_operator.py                                                    1           0  0.11s           2026-08-20T11:08:50                      10
/workspaces/lab-2/.venv/lib/python3.12/site-packages/airflow/example_dags/example_task_group.py                                                                1           0  0.11s           2026-08-20T11:08:48                      10
/workspaces/lab-2/.venv/lib/python3.12/site-packages/airflow/example_dags/example_setup_teardown.py                                                            1           0  0.11s           2026-08-20T11:08:52                      10
/workspaces/lab-2/.venv/lib/python3.12/site-packages/airflow/example_dags/example_external_task_marker_dag.py                                                  2           0  0.11s           2026-08-20T11:09:12                      13
/workspaces/lab-2/.venv/lib/python3.12/site-packages/airflow/example_dags/example_branch_labels.py                                                             1           0  0.11s           2026-08-20T11:08:55                      12
/workspaces/lab-2/dags/etl_ingestion_dag.py                                                                                                                    0           1  0.11s           2026-08-20T11:09:22                       5
/workspaces/lab-2/.venv/lib/python3.12/site-packages/airflow/example_dags/tutorial_dag.py                                                                      1           0  0.11s           2026-08-20T11:09:36                      10
/workspaces/lab-2/.venv/lib/python3.12/site-packages/airflow/example_dags/tutorial_taskflow_api.py                                                             1           0  0.11s           2026-08-20T11:09:28                      10
/workspaces/lab-2/.venv/lib/python3.12/site-packages/airflow/example_dags/example_skip_dag.py                                                                  1           0  0.11s           2026-08-20T11:08:53                      12
/workspaces/lab-2/.venv/lib/python3.12/site-packages/airflow/example_dags/example_xcom.py                                                                      1           0  0.11s           2026-08-20T11:09:34                      12
/workspaces/lab-2/.venv/lib/python3.12/site-packages/airflow/example_dags/example_sla_dag.py                                                                   1           0  0.11s           2026-08-20T11:09:37                      12
/workspaces/lab-2/.venv/lib/python3.12/site-packages/airflow/example_dags/example_latest_only.py                                                               1           0  0.11s           2026-08-20T11:09:06                      12
/workspaces/lab-2/.venv/lib/python3.12/site-packages/airflow/example_dags/example_xcomargs.py                                                                  2           0  0.11s           2026-08-20T11:09:30                      13
/workspaces/lab-2/.venv/lib/python3.12/site-packages/airflow/example_dags/example_branch_day_of_week_operator.py                                               1           0  0.11s           2026-08-20T11:08:27                      12
/workspaces/lab-2/.venv/lib/python3.12/site-packages/airflow/example_dags/example_local_kubernetes_executor.py                                                 0           0  0.11s           2026-08-20T11:09:02                       3
/workspaces/lab-2/.venv/lib/python3.12/site-packages/airflow/example_dags/example_short_circuit_decorator.py                                                   1           0  0.11s           2026-08-20T11:08:49                      10
/workspaces/lab-2/.venv/lib/python3.12/site-packages/airflow/example_dags/plugins/workday.py                                                                   0           0  0.11s           2026-08-20T11:09:25                       3
/workspaces/lab-2/.venv/lib/python3.12/site-packages/airflow/example_dags/example_setup_teardown_taskflow.py                                                   1           0  0.11s           2026-08-20T11:08:49                      10
/workspaces/lab-2/.venv/lib/python3.12/site-packages/airflow/example_dags/example_task_group_decorator.py                                                      1           0  0.11s           2026-08-20T11:08:47                      10
/workspaces/lab-2/.venv/lib/python3.12/site-packages/airflow/example_dags/example_sensors.py                                                                   1           0  0.11s           2026-08-20T11:08:52                      10
/workspaces/lab-2/.venv/lib/python3.12/site-packages/airflow/example_dags/example_bash_operator.py                                                             1           0  0.11s           2026-08-20T11:09:20                      12
/workspaces/lab-2/.venv/lib/python3.12/site-packages/airflow/example_dags/example_trigger_target_dag.py                                                        1           0  0.11s           2026-08-20T11:09:32                      10
/workspaces/lab-2/.venv/lib/python3.12/site-packages/airflow/example_dags/example_nested_branch_dag.py                                                         1           0  0.11s           2026-08-20T11:09:07                      12
/workspaces/lab-2/.venv/lib/python3.12/site-packages/airflow/example_dags/plugins/event_listener.py                                                            0           0  0.11s           2026-08-20T11:09:27                       3
/workspaces/lab-2/.venv/lib/python3.12/site-packages/airflow/example_dags/example_branch_datetime_operator.py                                                  3           0  0.11s           2026-08-20T11:09:21                      18
/workspaces/lab-2/.venv/lib/python3.12/site-packages/airflow/example_dags/example_display_name.py                                                              1           0  0.11s           2026-08-20T11:09:09                      10
/workspaces/lab-2/.venv/lib/python3.12/site-packages/airflow/example_dags/example_passing_params_via_test_command.py                                           1           0  0.11s           2026-08-20T11:08:59                      12
/workspaces/lab-2/.venv/lib/python3.12/site-packages/airflow/example_dags/example_python_decorator.py                                                          1           0  0.11s           2026-08-20T11:08:57                      10
/workspaces/lab-2/.venv/lib/python3.12/site-packages/airflow/example_dags/example_branch_python_dop_operator_3.py                                              1           0  0.11s           2026-08-20T11:09:17                      12
/workspaces/lab-2/.venv/lib/python3.12/site-packages/airflow/example_dags/plugins/listener_plugin.py                                                           0           0  0.11s           2026-08-20T11:09:24                       3
/workspaces/lab-2/.venv/lib/python3.12/site-packages/airflow/example_dags/example_bash_decorator.py                                                            1           0  0.11s           2026-08-20T11:08:56                      10
/workspaces/lab-2/.venv/lib/python3.12/site-packages/airflow/example_dags/example_complex.py                                                                   1           0  0.11s           2026-08-20T11:09:18                      10
/workspaces/lab-2/.venv/lib/python3.12/site-packages/airflow/example_dags/example_params_ui_tutorial.py                                                        1           0  0.10s           2026-08-20T11:08:59                      10
================================================================================
[2026-08-20T11:10:10.304+0000] {manager.py:997} INFO - 
================================================================================
DAG File Processing Stats

File Path                                                                                                                             PID    Runtime      # DAGs    # Errors  Last Runtime    Last Run               Last # of DB Queries
------------------------------------------------------------------------------------------------------------------------------------  -----  ---------  --------  ----------  --------------  -------------------  ----------------------
/workspaces/lab-2/.venv/lib/python3.12/site-packages/airflow/example_dags/example_branch_operator.py                                                           1           0  0.22s           2026-08-20T11:09:19                      12
/workspaces/lab-2/.venv/lib/python3.12/site-packages/airflow/example_dags/example_outlet_event_extra.py                                                        3           0  0.21s           2026-08-20T11:09:58                      19
/workspaces/lab-2/.venv/lib/python3.12/site-packages/airflow/example_dags/example_params_ui_tutorial.py                                                        1           0  0.21s           2026-08-20T11:09:53                      10
/workspaces/lab-2/.venv/lib/python3.12/site-packages/airflow/example_dags/example_external_task_marker_dag.py                                                  2           0  0.21s           2026-08-20T11:10:05                      13
/workspaces/lab-2/.venv/lib/python3.12/site-packages/airflow/example_dags/example_workday_timetable.py                                                         1           0  0.21s           2026-08-20T11:09:33                      12
/workspaces/lab-2/.venv/lib/python3.12/site-packages/airflow/example_dags/example_branch_operator_decorator.py                                                 1           0  0.21s           2026-08-20T11:08:54                      12
/workspaces/lab-2/.venv/lib/python3.12/site-packages/airflow/example_dags/example_datasets.py                                                                 10           0  0.21s           2026-08-20T11:10:07                      49
/workspaces/lab-2/.venv/lib/python3.12/site-packages/airflow/example_dags/example_dataset_alias_with_no_taskflow.py                                            4           0  0.21s           2026-08-20T11:10:08                      27
/workspaces/lab-2/.venv/lib/python3.12/site-packages/airflow/example_dags/plugins/decreasing_priority_weight_strategy.py                                       0           0  0.13s           2026-08-20T11:09:24                       3
/workspaces/lab-2/.venv/lib/python3.12/site-packages/airflow/example_dags/example_inlet_event_extra.py                                                         2           0  0.12s           2026-08-20T11:10:02                      15
/workspaces/lab-2/.venv/lib/python3.12/site-packages/airflow/example_dags/example_short_circuit_decorator.py                                                   1           0  0.12s           2026-08-20T11:09:44                      10
/workspaces/lab-2/.venv/lib/python3.12/site-packages/airflow/example_dags/example_task_group_decorator.py                                                      1           0  0.12s           2026-08-20T11:09:40                      10
/workspaces/lab-2/.venv/lib/python3.12/site-packages/airflow/example_dags/example_nested_branch_dag.py                                                         1           0  0.12s           2026-08-20T11:10:00                      12
/workspaces/lab-2/.venv/lib/python3.12/site-packages/airflow/example_dags/example_branch_python_dop_operator_3.py                                              1           0  0.11s           2026-08-20T11:10:10                      12
/workspaces/lab-2/.venv/lib/python3.12/site-packages/airflow/example_dags/example_display_name.py                                                              1           0  0.11s           2026-08-20T11:10:03                      10
/workspaces/lab-2/.venv/lib/python3.12/site-packages/airflow/example_dags/example_subdag_operator.py                                                           3           0  0.11s           2026-08-20T11:09:38                      20
/workspaces/lab-2/.venv/lib/python3.12/site-packages/airflow/example_dags/example_python_decorator.py                                                          1           0  0.11s           2026-08-20T11:09:50                      10
/workspaces/lab-2/.venv/lib/python3.12/site-packages/airflow/example_dags/example_task_group.py                                                                1           0  0.11s           2026-08-20T11:09:41                      10
/workspaces/lab-2/.venv/lib/python3.12/site-packages/airflow/example_dags/example_setup_teardown.py                                                            1           0  0.11s           2026-08-20T11:09:46                      10
/workspaces/lab-2/.venv/lib/python3.12/site-packages/airflow/example_dags/tutorial_objectstorage.py                                                            1           0  0.11s           2026-08-20T11:09:28                      10
/workspaces/lab-2/.venv/lib/python3.12/site-packages/airflow/example_dags/example_skip_dag.py                                                                  1           0  0.11s           2026-08-20T11:09:49                      12
/workspaces/lab-2/.venv/lib/python3.12/site-packages/airflow/example_dags/tutorial_taskflow_api_virtualenv.py                                                  1           0  0.11s           2026-08-20T11:09:29                      10
/workspaces/lab-2/.venv/lib/python3.12/site-packages/airflow/example_dags/example_branch_day_of_week_operator.py                                               1           0  0.11s           2026-08-20T11:09:48                      12
/workspaces/lab-2/.venv/lib/python3.12/site-packages/airflow/example_dags/example_trigger_controller_dag.py                                                    1           0  0.11s           2026-08-20T11:09:38                      12
/workspaces/lab-2/.venv/lib/python3.12/site-packages/airflow/example_dags/example_latest_only.py                                                               1           0  0.11s           2026-08-20T11:09:59                      12
/workspaces/lab-2/.venv/lib/python3.12/site-packages/airflow/example_dags/example_sensors.py                                                                   1           0  0.11s           2026-08-20T11:09:47                      10
/workspaces/lab-2/.venv/lib/python3.12/site-packages/airflow/example_dags/example_dynamic_task_mapping.py                                                      1           0  0.11s           2026-08-20T11:10:04                      10
/workspaces/lab-2/.venv/lib/python3.12/site-packages/airflow/example_dags/example_latest_only_with_trigger.py                                                  1           0  0.11s           2026-08-20T11:09:55                      12
/workspaces/lab-2/.venv/lib/python3.12/site-packages/airflow/example_dags/example_dynamic_task_mapping_with_no_taskflow_operators.py                           1           0  0.11s           2026-08-20T11:10:00                      10
/workspaces/lab-2/.venv/lib/python3.12/site-packages/airflow/example_dags/subdags/subdag.py                                                                    0           0  0.11s           2026-08-20T11:09:23                       3
/workspaces/lab-2/.venv/lib/python3.12/site-packages/airflow/example_dags/example_kubernetes_executor.py                                                       0           0  0.11s           2026-08-20T11:10:04                       3
/workspaces/lab-2/.venv/lib/python3.12/site-packages/airflow/example_dags/example_sensor_decorator.py                                                          1           0  0.11s           2026-08-20T11:09:54                      10
/workspaces/lab-2/.venv/lib/python3.12/site-packages/airflow/example_dags/example_short_circuit_operator.py                                                    1           0  0.11s           2026-08-20T11:09:45                      10
/workspaces/lab-2/.venv/lib/python3.12/site-packages/airflow/example_dags/tutorial.py                                                                          1           0  0.11s           2026-08-20T11:09:31                      12
/workspaces/lab-2/.venv/lib/python3.12/site-packages/airflow/example_dags/example_time_delta_sensor_async.py                                                   1           0  0.11s           2026-08-20T11:09:40                      10
/workspaces/lab-2/.venv/lib/python3.12/site-packages/airflow/example_dags/example_branch_labels.py                                                             1           0  0.11s           2026-08-20T11:08:55                      12
/workspaces/lab-2/dags/etl_ingestion_dag.py                                                                                                                    0           1  0.11s           2026-08-20T11:09:22                       5
/workspaces/lab-2/.venv/lib/python3.12/site-packages/airflow/example_dags/tutorial_dag.py                                                                      1           0  0.11s           2026-08-20T11:09:36                      10
/workspaces/lab-2/.venv/lib/python3.12/site-packages/airflow/example_dags/tutorial_taskflow_api.py                                                             1           0  0.11s           2026-08-20T11:09:28                      10
/workspaces/lab-2/.venv/lib/python3.12/site-packages/airflow/example_dags/example_xcom.py                                                                      1           0  0.11s           2026-08-20T11:09:34                      12
/workspaces/lab-2/.venv/lib/python3.12/site-packages/airflow/example_dags/example_params_trigger_ui.py                                                         1           0  0.11s           2026-08-20T11:09:57                      10
/workspaces/lab-2/.venv/lib/python3.12/site-packages/airflow/example_dags/example_sla_dag.py                                                                   1           0  0.11s           2026-08-20T11:09:37                      12
/workspaces/lab-2/.venv/lib/python3.12/site-packages/airflow/example_dags/example_local_kubernetes_executor.py                                                 0           0  0.11s           2026-08-20T11:09:56                       3
/workspaces/lab-2/.venv/lib/python3.12/site-packages/airflow/example_dags/example_xcomargs.py                                                                  2           0  0.11s           2026-08-20T11:09:30                      13
/workspaces/lab-2/.venv/lib/python3.12/site-packages/airflow/example_dags/example_dag_decorator.py                                                             1           0  0.11s           2026-08-20T11:10:09                      10
/workspaces/lab-2/.venv/lib/python3.12/site-packages/airflow/example_dags/plugins/workday.py                                                                   0           0  0.11s           2026-08-20T11:09:25                       3
/workspaces/lab-2/.venv/lib/python3.12/site-packages/airflow/example_dags/example_setup_teardown_taskflow.py                                                   1           0  0.11s           2026-08-20T11:09:42                      10
/workspaces/lab-2/.venv/lib/python3.12/site-packages/airflow/example_dags/example_python_operator.py                                                           1           0  0.11s           2026-08-20T11:09:50                      10
/workspaces/lab-2/.venv/lib/python3.12/site-packages/airflow/example_dags/example_bash_operator.py                                                             1           0  0.11s           2026-08-20T11:09:20                      12
/workspaces/lab-2/.venv/lib/python3.12/site-packages/airflow/example_dags/example_trigger_target_dag.py                                                        1           0  0.11s           2026-08-20T11:09:32                      10
/workspaces/lab-2/.venv/lib/python3.12/site-packages/airflow/example_dags/plugins/event_listener.py                                                            0           0  0.11s           2026-08-20T11:09:27                       3
/workspaces/lab-2/.venv/lib/python3.12/site-packages/airflow/example_dags/example_branch_datetime_operator.py                                                  3           0  0.11s           2026-08-20T11:09:21                      18
/workspaces/lab-2/.venv/lib/python3.12/site-packages/airflow/example_dags/example_passing_params_via_test_command.py                                           1           0  0.11s           2026-08-20T11:09:51                      12
/workspaces/lab-2/.venv/lib/python3.12/site-packages/airflow/example_dags/plugins/listener_plugin.py                                                           0           0  0.11s           2026-08-20T11:09:24                       3
/workspaces/lab-2/.venv/lib/python3.12/site-packages/airflow/example_dags/example_bash_decorator.py                                                            1           0  0.11s           2026-08-20T11:08:56                      10
/workspaces/lab-2/.venv/lib/python3.12/site-packages/airflow/example_dags/example_complex.py                                                                   1           0  0.11s           2026-08-20T11:09:18                      10
/workspaces/lab-2/.venv/lib/python3.12/site-packages/airflow/example_dags/example_dataset_alias.py                                                             4           0  0.11s           2026-08-20T11:10:09                      27
================================================================================
[2026-08-20T11:10:40.533+0000] {manager.py:997} INFO - 
================================================================================
DAG File Processing Stats

File Path                                                                                                                             PID    Runtime      # DAGs    # Errors  Last Runtime    Last Run               Last # of DB Queries
------------------------------------------------------------------------------------------------------------------------------------  -----  ---------  --------  ----------  --------------  -------------------  ----------------------
/workspaces/lab-2/.venv/lib/python3.12/site-packages/airflow/example_dags/example_outlet_event_extra.py                                                        3           0  0.21s           2026-08-20T11:09:58                      19
/workspaces/lab-2/.venv/lib/python3.12/site-packages/airflow/example_dags/example_params_ui_tutorial.py                                                        1           0  0.21s           2026-08-20T11:09:53                      10
/workspaces/lab-2/.venv/lib/python3.12/site-packages/airflow/example_dags/example_external_task_marker_dag.py                                                  2           0  0.21s           2026-08-20T11:10:05                      13
/workspaces/lab-2/.venv/lib/python3.12/site-packages/airflow/example_dags/tutorial_objectstorage.py                                                            1           0  0.21s           2026-08-20T11:10:22                      10
/workspaces/lab-2/.venv/lib/python3.12/site-packages/airflow/example_dags/example_time_delta_sensor_async.py                                                   1           0  0.21s           2026-08-20T11:10:32                      10
/workspaces/lab-2/.venv/lib/python3.12/site-packages/airflow/example_dags/example_datasets.py                                                                 10           0  0.21s           2026-08-20T11:10:07                      49
/workspaces/lab-2/.venv/lib/python3.12/site-packages/airflow/example_dags/example_dataset_alias_with_no_taskflow.py                                            4           0  0.21s           2026-08-20T11:10:08                      27
/workspaces/lab-2/.venv/lib/python3.12/site-packages/airflow/example_dags/example_workday_timetable.py                                                         1           0  0.21s           2026-08-20T11:10:26                      12
/workspaces/lab-2/.venv/lib/python3.12/site-packages/airflow/example_dags/example_inlet_event_extra.py                                                         2           0  0.12s           2026-08-20T11:10:02                      15
/workspaces/lab-2/.venv/lib/python3.12/site-packages/airflow/example_dags/example_nested_branch_dag.py                                                         1           0  0.12s           2026-08-20T11:10:00                      12
/workspaces/lab-2/.venv/lib/python3.12/site-packages/airflow/example_dags/example_branch_python_dop_operator_3.py                                              1           0  0.11s           2026-08-20T11:10:10                      12
/workspaces/lab-2/.venv/lib/python3.12/site-packages/airflow/example_dags/example_display_name.py                                                              1           0  0.11s           2026-08-20T11:10:03                      10
/workspaces/lab-2/.venv/lib/python3.12/site-packages/airflow/example_dags/example_bash_decorator.py                                                            1           0  0.11s           2026-08-20T11:10:14                      10
/workspaces/lab-2/.venv/lib/python3.12/site-packages/airflow/example_dags/example_python_decorator.py                                                          1           0  0.11s           2026-08-20T11:09:50                      10
/workspaces/lab-2/.venv/lib/python3.12/site-packages/airflow/example_dags/example_branch_operator_decorator.py                                                 1           0  0.11s           2026-08-20T11:10:12                      12
/workspaces/lab-2/.venv/lib/python3.12/site-packages/airflow/example_dags/example_skip_dag.py                                                                  1           0  0.11s           2026-08-20T11:09:49                      12
/workspaces/lab-2/.venv/lib/python3.12/site-packages/airflow/example_dags/example_branch_day_of_week_operator.py                                               1           0  0.11s           2026-08-20T11:09:48                      12
/workspaces/lab-2/.venv/lib/python3.12/site-packages/airflow/example_dags/example_latest_only.py                                                               1           0  0.11s           2026-08-20T11:09:59                      12
/workspaces/lab-2/.venv/lib/python3.12/site-packages/airflow/example_dags/example_sensors.py                                                                   1           0  0.11s           2026-08-20T11:09:47                      10
/workspaces/lab-2/.venv/lib/python3.12/site-packages/airflow/example_dags/example_dynamic_task_mapping.py                                                      1           0  0.11s           2026-08-20T11:10:04                      10
/workspaces/lab-2/.venv/lib/python3.12/site-packages/airflow/example_dags/example_latest_only_with_trigger.py                                                  1           0  0.11s           2026-08-20T11:09:55                      12
/workspaces/lab-2/.venv/lib/python3.12/site-packages/airflow/example_dags/example_dynamic_task_mapping_with_no_taskflow_operators.py                           1           0  0.11s           2026-08-20T11:10:00                      10
/workspaces/lab-2/.venv/lib/python3.12/site-packages/airflow/example_dags/example_kubernetes_executor.py                                                       0           0  0.11s           2026-08-20T11:10:04                       3
/workspaces/lab-2/.venv/lib/python3.12/site-packages/airflow/example_dags/example_sensor_decorator.py                                                          1           0  0.11s           2026-08-20T11:09:54                      10
/workspaces/lab-2/.venv/lib/python3.12/site-packages/airflow/example_dags/plugins/event_listener.py                                                            0           0  0.11s           2026-08-20T11:10:20                       3
/workspaces/lab-2/.venv/lib/python3.12/site-packages/airflow/example_dags/tutorial_taskflow_api_virtualenv.py                                                  1           0  0.11s           2026-08-20T11:10:23                      10
/workspaces/lab-2/.venv/lib/python3.12/site-packages/airflow/example_dags/example_sla_dag.py                                                                   1           0  0.11s           2026-08-20T11:10:30                      12
/workspaces/lab-2/.venv/lib/python3.12/site-packages/airflow/example_dags/example_setup_teardown.py                                                            1           0  0.11s           2026-08-20T11:10:40                      10
/workspaces/lab-2/.venv/lib/python3.12/site-packages/airflow/example_dags/example_task_group_decorator.py                                                      1           0  0.11s           2026-08-20T11:10:33                      10
/workspaces/lab-2/.venv/lib/python3.12/site-packages/airflow/example_dags/example_short_circuit_decorator.py                                                   1           0  0.11s           2026-08-20T11:10:36                      10
/workspaces/lab-2/.venv/lib/python3.12/site-packages/airflow/example_dags/example_task_group.py                                                                1           0  0.11s           2026-08-20T11:10:34                      10
/workspaces/lab-2/.venv/lib/python3.12/site-packages/airflow/example_dags/example_trigger_controller_dag.py                                                    1           0  0.11s           2026-08-20T11:10:30                      12
/workspaces/lab-2/.venv/lib/python3.12/site-packages/airflow/example_dags/example_complex.py                                                                   1           0  0.11s           2026-08-20T11:10:11                      10
/workspaces/lab-2/.venv/lib/python3.12/site-packages/airflow/example_dags/example_trigger_target_dag.py                                                        1           0  0.11s           2026-08-20T11:10:25                      10
/workspaces/lab-2/.venv/lib/python3.12/site-packages/airflow/example_dags/example_params_trigger_ui.py                                                         1           0  0.11s           2026-08-20T11:09:57                      10
/workspaces/lab-2/.venv/lib/python3.12/site-packages/airflow/example_dags/example_xcom.py                                                                      1           0  0.11s           2026-08-20T11:10:27                      12
/workspaces/lab-2/.venv/lib/python3.12/site-packages/airflow/example_dags/subdags/subdag.py                                                                    0           0  0.11s           2026-08-20T11:10:16                       3
/workspaces/lab-2/.venv/lib/python3.12/site-packages/airflow/example_dags/example_local_kubernetes_executor.py                                                 0           0  0.11s           2026-08-20T11:09:56                       3
/workspaces/lab-2/.venv/lib/python3.12/site-packages/airflow/example_dags/example_bash_operator.py                                                             1           0  0.11s           2026-08-20T11:10:38                      12
/workspaces/lab-2/.venv/lib/python3.12/site-packages/airflow/example_dags/example_branch_operator.py                                                           1           0  0.11s           2026-08-20T11:10:37                      12
/workspaces/lab-2/.venv/lib/python3.12/site-packages/airflow/example_dags/plugins/workday.py                                                                   0           0  0.11s           2026-08-20T11:10:19                       3
/workspaces/lab-2/.venv/lib/python3.12/site-packages/airflow/example_dags/example_branch_labels.py                                                             1           0  0.11s           2026-08-20T11:10:13                      12
/workspaces/lab-2/.venv/lib/python3.12/site-packages/airflow/example_dags/plugins/listener_plugin.py                                                           0           0  0.11s           2026-08-20T11:10:18                       3
/workspaces/lab-2/.venv/lib/python3.12/site-packages/airflow/example_dags/example_dag_decorator.py                                                             1           0  0.11s           2026-08-20T11:10:09                      10
/workspaces/lab-2/.venv/lib/python3.12/site-packages/airflow/example_dags/tutorial_dag.py                                                                      1           0  0.11s           2026-08-20T11:10:28                      10
/workspaces/lab-2/.venv/lib/python3.12/site-packages/airflow/example_dags/plugins/decreasing_priority_weight_strategy.py                                       0           0  0.11s           2026-08-20T11:10:17                       3
/workspaces/lab-2/dags/etl_ingestion_dag.py                                                                                                                    0           1  0.11s           2026-08-20T11:10:14                       5
/workspaces/lab-2/.venv/lib/python3.12/site-packages/airflow/example_dags/example_setup_teardown_taskflow.py                                                   1           0  0.11s           2026-08-20T11:10:35                      10
/workspaces/lab-2/.venv/lib/python3.12/site-packages/airflow/example_dags/example_python_operator.py                                                           1           0  0.11s           2026-08-20T11:09:50                      10
/workspaces/lab-2/.venv/lib/python3.12/site-packages/airflow/example_dags/tutorial.py                                                                          1           0  0.11s           2026-08-20T11:10:25                      12
/workspaces/lab-2/.venv/lib/python3.12/site-packages/airflow/example_dags/tutorial_taskflow_api.py                                                             1           0  0.11s           2026-08-20T11:10:21                      10
/workspaces/lab-2/.venv/lib/python3.12/site-packages/airflow/example_dags/example_passing_params_via_test_command.py                                           1           0  0.11s           2026-08-20T11:09:51                      12
/workspaces/lab-2/.venv/lib/python3.12/site-packages/airflow/example_dags/example_subdag_operator.py                                                           3           0  0.11s           2026-08-20T11:10:31                      20
/workspaces/lab-2/.venv/lib/python3.12/site-packages/airflow/example_dags/example_dataset_alias.py                                                             4           0  0.11s           2026-08-20T11:10:09                      27
/workspaces/lab-2/.venv/lib/python3.12/site-packages/airflow/example_dags/example_xcomargs.py                                                                  2           0  0.10s           2026-08-20T11:10:24                      13
/workspaces/lab-2/.venv/lib/python3.12/site-packages/airflow/example_dags/example_short_circuit_operator.py                                                    1           0  0.10s           2026-08-20T11:10:39                      10
/workspaces/lab-2/.venv/lib/python3.12/site-packages/airflow/example_dags/example_branch_datetime_operator.py                                                  3           0  0.10s           2026-08-20T11:10:38                      18
================================================================================
[2026-08-20T11:11:11.084+0000] {manager.py:997} INFO - 
================================================================================
DAG File Processing Stats

File Path                                                                                                                             PID    Runtime      # DAGs    # Errors  Last Runtime    Last Run               Last # of DB Queries
------------------------------------------------------------------------------------------------------------------------------------  -----  ---------  --------  ----------  --------------  -------------------  ----------------------
/workspaces/lab-2/.venv/lib/python3.12/site-packages/airflow/example_dags/tutorial_objectstorage.py                                                            1           0  0.23s           2026-08-20T11:11:10                      10
/workspaces/lab-2/.venv/lib/python3.12/site-packages/airflow/example_dags/example_external_task_marker_dag.py                                                  2           0  0.23s           2026-08-20T11:10:59                      13
/workspaces/lab-2/.venv/lib/python3.12/site-packages/airflow/example_dags/tutorial_taskflow_api.py                                                             1           0  0.22s           2026-08-20T11:11:09                      10
/workspaces/lab-2/.venv/lib/python3.12/site-packages/airflow/example_dags/tutorial_taskflow_api_virtualenv.py                                                  1           0  0.22s           2026-08-20T11:11:11                      10
/workspaces/lab-2/.venv/lib/python3.12/site-packages/airflow/example_dags/example_dataset_alias_with_no_taskflow.py                                            4           0  0.22s           2026-08-20T11:11:01                      27
/workspaces/lab-2/.venv/lib/python3.12/site-packages/airflow/example_dags/example_display_name.py                                                              1           0  0.21s           2026-08-20T11:10:56                      10
/workspaces/lab-2/.venv/lib/python3.12/site-packages/airflow/example_dags/example_inlet_event_extra.py                                                         2           0  0.21s           2026-08-20T11:10:55                      15
/workspaces/lab-2/.venv/lib/python3.12/site-packages/airflow/example_dags/example_datasets.py                                                                 10           0  0.21s           2026-08-20T11:11:00                      49
/workspaces/lab-2/.venv/lib/python3.12/site-packages/airflow/example_dags/example_nested_branch_dag.py                                                         1           0  0.21s           2026-08-20T11:10:53                      12
/workspaces/lab-2/.venv/lib/python3.12/site-packages/airflow/example_dags/example_time_delta_sensor_async.py                                                   1           0  0.21s           2026-08-20T11:10:32                      10
/workspaces/lab-2/.venv/lib/python3.12/site-packages/airflow/example_dags/example_workday_timetable.py                                                         1           0  0.21s           2026-08-20T11:10:26                      12
/workspaces/lab-2/.venv/lib/python3.12/site-packages/airflow/example_dags/plugins/event_listener.py                                                            0           0  0.14s           2026-08-20T11:11:07                       3
/workspaces/lab-2/.venv/lib/python3.12/site-packages/airflow/example_dags/example_dynamic_task_mapping_with_no_taskflow_operators.py                           1           0  0.13s           2026-08-20T11:10:55                      10
/workspaces/lab-2/.venv/lib/python3.12/site-packages/airflow/example_dags/plugins/listener_plugin.py                                                           0           0  0.12s           2026-08-20T11:11:06                       3
/workspaces/lab-2/.venv/lib/python3.12/site-packages/airflow/example_dags/example_branch_python_dop_operator_3.py                                              1           0  0.11s           2026-08-20T11:10:10                      12
/workspaces/lab-2/.venv/lib/python3.12/site-packages/airflow/example_dags/plugins/workday.py                                                                   0           0  0.11s           2026-08-20T11:11:06                       3
/workspaces/lab-2/.venv/lib/python3.12/site-packages/airflow/example_dags/example_bash_decorator.py                                                            1           0  0.11s           2026-08-20T11:10:14                      10
/workspaces/lab-2/.venv/lib/python3.12/site-packages/airflow/example_dags/plugins/decreasing_priority_weight_strategy.py                                       0           0  0.11s           2026-08-20T11:11:05                       3
/workspaces/lab-2/.venv/lib/python3.12/site-packages/airflow/example_dags/example_branch_operator_decorator.py                                                 1           0  0.11s           2026-08-20T11:10:12                      12
/workspaces/lab-2/.venv/lib/python3.12/site-packages/airflow/example_dags/example_skip_dag.py                                                                  1           0  0.11s           2026-08-20T11:10:42                      12
/workspaces/lab-2/.venv/lib/python3.12/site-packages/airflow/example_dags/example_latest_only_with_trigger.py                                                  1           0  0.11s           2026-08-20T11:10:49                      12
/workspaces/lab-2/.venv/lib/python3.12/site-packages/airflow/example_dags/example_latest_only.py                                                               1           0  0.11s           2026-08-20T11:10:52                      12
/workspaces/lab-2/.venv/lib/python3.12/site-packages/airflow/example_dags/example_branch_day_of_week_operator.py                                               1           0  0.11s           2026-08-20T11:11:01                      12
/workspaces/lab-2/.venv/lib/python3.12/site-packages/airflow/example_dags/example_sla_dag.py                                                                   1           0  0.11s           2026-08-20T11:10:30                      12
/workspaces/lab-2/.venv/lib/python3.12/site-packages/airflow/example_dags/example_setup_teardown.py                                                            1           0  0.11s           2026-08-20T11:10:40                      10
/workspaces/lab-2/.venv/lib/python3.12/site-packages/airflow/example_dags/example_task_group_decorator.py                                                      1           0  0.11s           2026-08-20T11:10:33                      10
/workspaces/lab-2/.venv/lib/python3.12/site-packages/airflow/example_dags/example_short_circuit_decorator.py                                                   1           0  0.11s           2026-08-20T11:10:36                      10
/workspaces/lab-2/.venv/lib/python3.12/site-packages/airflow/example_dags/example_task_group.py                                                                1           0  0.11s           2026-08-20T11:10:34                      10
/workspaces/lab-2/.venv/lib/python3.12/site-packages/airflow/example_dags/example_trigger_controller_dag.py                                                    1           0  0.11s           2026-08-20T11:10:30                      12
/workspaces/lab-2/.venv/lib/python3.12/site-packages/airflow/example_dags/example_python_operator.py                                                           1           0  0.11s           2026-08-20T11:10:44                      10
/workspaces/lab-2/.venv/lib/python3.12/site-packages/airflow/example_dags/example_complex.py                                                                   1           0  0.11s           2026-08-20T11:10:11                      10
/workspaces/lab-2/.venv/lib/python3.12/site-packages/airflow/example_dags/example_params_ui_tutorial.py                                                        1           0  0.11s           2026-08-20T11:10:46                      10
/workspaces/lab-2/dags/etl_ingestion_dag.py                                                                                                                    0           1  0.11s           2026-08-20T11:11:02                       5
/workspaces/lab-2/.venv/lib/python3.12/site-packages/airflow/example_dags/example_trigger_target_dag.py                                                        1           0  0.11s           2026-08-20T11:10:25                      10
/workspaces/lab-2/.venv/lib/python3.12/site-packages/airflow/example_dags/example_dynamic_task_mapping.py                                                      1           0  0.11s           2026-08-20T11:10:58                      10
/workspaces/lab-2/.venv/lib/python3.12/site-packages/airflow/example_dags/example_xcom.py                                                                      1           0  0.11s           2026-08-20T11:10:27                      12
/workspaces/lab-2/.venv/lib/python3.12/site-packages/airflow/example_dags/example_kubernetes_executor.py                                                       0           0  0.11s           2026-08-20T11:10:57                       3
/workspaces/lab-2/.venv/lib/python3.12/site-packages/airflow/example_dags/example_bash_operator.py                                                             1           0  0.11s           2026-08-20T11:10:38                      12
/workspaces/lab-2/.venv/lib/python3.12/site-packages/airflow/example_dags/example_branch_operator.py                                                           1           0  0.11s           2026-08-20T11:10:37                      12
/workspaces/lab-2/.venv/lib/python3.12/site-packages/airflow/example_dags/example_sensors.py                                                                   1           0  0.11s           2026-08-20T11:10:41                      10
/workspaces/lab-2/.venv/lib/python3.12/site-packages/airflow/example_dags/example_branch_labels.py                                                             1           0  0.11s           2026-08-20T11:10:13                      12
/workspaces/lab-2/.venv/lib/python3.12/site-packages/airflow/example_dags/example_dag_decorator.py                                                             1           0  0.11s           2026-08-20T11:10:09                      10
/workspaces/lab-2/.venv/lib/python3.12/site-packages/airflow/example_dags/tutorial_dag.py                                                                      1           0  0.11s           2026-08-20T11:10:28                      10
/workspaces/lab-2/.venv/lib/python3.12/site-packages/airflow/example_dags/subdags/subdag.py                                                                    0           0  0.11s           2026-08-20T11:11:03                       3
/workspaces/lab-2/.venv/lib/python3.12/site-packages/airflow/example_dags/example_local_kubernetes_executor.py                                                 0           0  0.11s           2026-08-20T11:10:50                       3
/workspaces/lab-2/.venv/lib/python3.12/site-packages/airflow/example_dags/example_outlet_event_extra.py                                                        3           0  0.11s           2026-08-20T11:10:51                      19
/workspaces/lab-2/.venv/lib/python3.12/site-packages/airflow/example_dags/example_setup_teardown_taskflow.py                                                   1           0  0.11s           2026-08-20T11:10:35                      10
/workspaces/lab-2/.venv/lib/python3.12/site-packages/airflow/example_dags/example_sensor_decorator.py                                                          1           0  0.11s           2026-08-20T11:10:47                      10
/workspaces/lab-2/.venv/lib/python3.12/site-packages/airflow/example_dags/example_params_trigger_ui.py                                                         1           0  0.11s           2026-08-20T11:10:50                      10
/workspaces/lab-2/.venv/lib/python3.12/site-packages/airflow/example_dags/tutorial.py                                                                          1           0  0.11s           2026-08-20T11:10:25                      12
/workspaces/lab-2/.venv/lib/python3.12/site-packages/airflow/example_dags/example_passing_params_via_test_command.py                                           1           0  0.11s           2026-08-20T11:10:45                      12
/workspaces/lab-2/.venv/lib/python3.12/site-packages/airflow/example_dags/example_python_decorator.py                                                          1           0  0.11s           2026-08-20T11:10:43                      10
/workspaces/lab-2/.venv/lib/python3.12/site-packages/airflow/example_dags/example_subdag_operator.py                                                           3           0  0.11s           2026-08-20T11:10:31                      20
/workspaces/lab-2/.venv/lib/python3.12/site-packages/airflow/example_dags/example_dataset_alias.py                                                             4           0  0.11s           2026-08-20T11:10:09                      27
/workspaces/lab-2/.venv/lib/python3.12/site-packages/airflow/example_dags/example_xcomargs.py                                                                  2           0  0.10s           2026-08-20T11:10:24                      13
/workspaces/lab-2/.venv/lib/python3.12/site-packages/airflow/example_dags/example_short_circuit_operator.py                                                    1           0  0.10s           2026-08-20T11:10:39                      10
/workspaces/lab-2/.venv/lib/python3.12/site-packages/airflow/example_dags/example_branch_datetime_operator.py                                                  3           0  0.10s           2026-08-20T11:10:38                      18
================================================================================
[2026-08-20T11:11:13.078+0000] {manager.py:483} INFO - Processing files using up to 1 processes at a time 
[2026-08-20T11:11:13.079+0000] {manager.py:484} INFO - Process each file at most once every 30 seconds
[2026-08-20T11:11:13.079+0000] {manager.py:485} INFO - Checking for new files in /workspaces/lab-2/dags every 300 seconds
[2026-08-20T11:11:13.079+0000] {manager.py:821} INFO - Searching for files in /workspaces/lab-2/dags
[2026-08-20T11:11:13.138+0000] {manager.py:824} INFO - There are 57 files in /workspaces/lab-2/dags
[2026-08-20T11:11:13.418+0000] {manager.py:997} INFO - 
================================================================================
DAG File Processing Stats

File Path                                                                                                                             PID    Runtime      # DAGs    # Errors  Last Runtime    Last Run               Last # of DB Queries
------------------------------------------------------------------------------------------------------------------------------------  -----  ---------  --------  ----------  --------------  -------------------  ----------------------
/workspaces/lab-2/dags/etl_ingestion_dag.py                                                                                                                    0           1  0.12s           2026-08-20T11:11:13                       5
/workspaces/lab-2/.venv/lib/python3.12/site-packages/airflow/example_dags/example_dynamic_task_mapping_with_no_taskflow_operators.py                           0           0                                                            0
/workspaces/lab-2/.venv/lib/python3.12/site-packages/airflow/example_dags/example_datasets.py                                                                  0           0                                                            0
/workspaces/lab-2/.venv/lib/python3.12/site-packages/airflow/example_dags/example_python_decorator.py                                                          0           0                                                            0
/workspaces/lab-2/.venv/lib/python3.12/site-packages/airflow/example_dags/example_setup_teardown_taskflow.py                                                   0           0                                                            0
/workspaces/lab-2/.venv/lib/python3.12/site-packages/airflow/example_dags/example_xcomargs.py                                                                  0           0                                                            0
/workspaces/lab-2/.venv/lib/python3.12/site-packages/airflow/example_dags/example_branch_operator.py                                                           0           0                                                            0
/workspaces/lab-2/.venv/lib/python3.12/site-packages/airflow/example_dags/example_inlet_event_extra.py                                                         0           0                                                            0
/workspaces/lab-2/.venv/lib/python3.12/site-packages/airflow/example_dags/example_short_circuit_decorator.py                                                   0           0                                                            0
/workspaces/lab-2/.venv/lib/python3.12/site-packages/airflow/example_dags/example_short_circuit_operator.py                                                    0           0                                                            0
/workspaces/lab-2/.venv/lib/python3.12/site-packages/airflow/example_dags/example_bash_operator.py                                                             0           0                                                            0
/workspaces/lab-2/.venv/lib/python3.12/site-packages/airflow/example_dags/example_sla_dag.py                                                                   0           0                                                            0
/workspaces/lab-2/.venv/lib/python3.12/site-packages/airflow/example_dags/example_branch_datetime_operator.py                                                  0           0                                                            0
/workspaces/lab-2/.venv/lib/python3.12/site-packages/airflow/example_dags/example_trigger_controller_dag.py                                                    0           0                                                            0
/workspaces/lab-2/.venv/lib/python3.12/site-packages/airflow/example_dags/example_subdag_operator.py                                                           0           0                                                            0
/workspaces/lab-2/.venv/lib/python3.12/site-packages/airflow/example_dags/example_latest_only_with_trigger.py                                                  0           0                                                            0
/workspaces/lab-2/.venv/lib/python3.12/site-packages/airflow/example_dags/example_time_delta_sensor_async.py                                                   0           0                                                            0
/workspaces/lab-2/.venv/lib/python3.12/site-packages/airflow/example_dags/example_branch_day_of_week_operator.py                                               0           0                                                            0
/workspaces/lab-2/.venv/lib/python3.12/site-packages/airflow/example_dags/example_dataset_alias_with_no_taskflow.py                                            0           0                                                            0
/workspaces/lab-2/.venv/lib/python3.12/site-packages/airflow/example_dags/example_python_operator.py                                                           0           0                                                            0
/workspaces/lab-2/.venv/lib/python3.12/site-packages/airflow/example_dags/example_display_name.py                                                              0           0                                                            0
/workspaces/lab-2/.venv/lib/python3.12/site-packages/airflow/example_dags/example_passing_params_via_test_command.py                                           0           0                                                            0
/workspaces/lab-2/.venv/lib/python3.12/site-packages/airflow/example_dags/example_kubernetes_executor.py                                                       0           0                                                            0
/workspaces/lab-2/.venv/lib/python3.12/site-packages/airflow/example_dags/example_setup_teardown.py                                                            0           0                                                            0
/workspaces/lab-2/.venv/lib/python3.12/site-packages/airflow/example_dags/tutorial.py                                                                          0           0                                                            0
/workspaces/lab-2/.venv/lib/python3.12/site-packages/airflow/example_dags/example_dynamic_task_mapping.py                                                      0           0                                                            0
/workspaces/lab-2/.venv/lib/python3.12/site-packages/airflow/example_dags/example_local_kubernetes_executor.py                                                 0           0                                                            0
/workspaces/lab-2/.venv/lib/python3.12/site-packages/airflow/example_dags/example_sensors.py                                                                   0           0                                                            0
/workspaces/lab-2/.venv/lib/python3.12/site-packages/airflow/example_dags/example_dataset_alias.py                                                             0           0                                                            0
/workspaces/lab-2/.venv/lib/python3.12/site-packages/airflow/example_dags/example_params_trigger_ui.py                                                         0           0                                                            0
/workspaces/lab-2/.venv/lib/python3.12/site-packages/airflow/example_dags/example_params_ui_tutorial.py                                                        0           0                                                            0
/workspaces/lab-2/.venv/lib/python3.12/site-packages/airflow/example_dags/tutorial_taskflow_api.py                                                             0           0                                                            0
/workspaces/lab-2/.venv/lib/python3.12/site-packages/airflow/example_dags/example_outlet_event_extra.py                                                        0           0                                                            0
/workspaces/lab-2/.venv/lib/python3.12/site-packages/airflow/example_dags/example_trigger_target_dag.py                                                        0           0                                                            0
/workspaces/lab-2/.venv/lib/python3.12/site-packages/airflow/example_dags/example_skip_dag.py                                                                  0           0                                                            0
/workspaces/lab-2/.venv/lib/python3.12/site-packages/airflow/example_dags/tutorial_objectstorage.py                                                            0           0                                                            0
/workspaces/lab-2/.venv/lib/python3.12/site-packages/airflow/example_dags/example_latest_only.py                                                               0           0                                                            0
/workspaces/lab-2/.venv/lib/python3.12/site-packages/airflow/example_dags/example_dag_decorator.py                                                             0           0                                                            0
/workspaces/lab-2/.venv/lib/python3.12/site-packages/airflow/example_dags/example_external_task_marker_dag.py                                                  0           0                                                            0
/workspaces/lab-2/.venv/lib/python3.12/site-packages/airflow/example_dags/example_bash_decorator.py                                                            0           0                                                            0
/workspaces/lab-2/.venv/lib/python3.12/site-packages/airflow/example_dags/tutorial_taskflow_api_virtualenv.py                                                  0           0                                                            0
/workspaces/lab-2/.venv/lib/python3.12/site-packages/airflow/example_dags/example_branch_operator_decorator.py                                                 0           0                                                            0
/workspaces/lab-2/.venv/lib/python3.12/site-packages/airflow/example_dags/example_nested_branch_dag.py                                                         0           0                                                            0
/workspaces/lab-2/.venv/lib/python3.12/site-packages/airflow/example_dags/example_workday_timetable.py                                                         0           0                                                            0
/workspaces/lab-2/.venv/lib/python3.12/site-packages/airflow/example_dags/example_branch_labels.py                                                             0           0                                                            0
/workspaces/lab-2/.venv/lib/python3.12/site-packages/airflow/example_dags/example_xcom.py                                                                      0           0                                                            0
/workspaces/lab-2/.venv/lib/python3.12/site-packages/airflow/example_dags/example_task_group_decorator.py                                                      0           0                                                            0
/workspaces/lab-2/.venv/lib/python3.12/site-packages/airflow/example_dags/example_task_group.py                                                                0           0                                                            0
/workspaces/lab-2/.venv/lib/python3.12/site-packages/airflow/example_dags/tutorial_dag.py                                                                      0           0                                                            0
/workspaces/lab-2/.venv/lib/python3.12/site-packages/airflow/example_dags/example_sensor_decorator.py                                                          0           0                                                            0
/workspaces/lab-2/.venv/lib/python3.12/site-packages/airflow/example_dags/example_branch_python_dop_operator_3.py                                              0           0                                                            0
/workspaces/lab-2/.venv/lib/python3.12/site-packages/airflow/example_dags/example_complex.py                                                                   0           0                                                            0
/workspaces/lab-2/.venv/lib/python3.12/site-packages/airflow/example_dags/subdags/subdag.py                                                                    0           0                                                            0
/workspaces/lab-2/.venv/lib/python3.12/site-packages/airflow/example_dags/plugins/decreasing_priority_weight_strategy.py                                       0           0                                                            0
/workspaces/lab-2/.venv/lib/python3.12/site-packages/airflow/example_dags/plugins/listener_plugin.py                                                           0           0                                                            0
/workspaces/lab-2/.venv/lib/python3.12/site-packages/airflow/example_dags/plugins/workday.py                                                                   0           0                                                            0
/workspaces/lab-2/.venv/lib/python3.12/site-packages/airflow/example_dags/plugins/event_listener.py                                                            0           0                                                            0
================================================================================
[2026-08-20T11:11:37.814+0000] {manager.py:821} INFO - Searching for files in /workspaces/lab-2/dags
[2026-08-20T11:11:37.826+0000] {manager.py:824} INFO - There are 57 files in /workspaces/lab-2/dags
[2026-08-20T11:11:41.406+0000] {manager.py:997} INFO - 
================================================================================
DAG File Processing Stats

File Path                                                                                                                             PID    Runtime      # DAGs    # Errors  Last Runtime    Last Run               Last # of DB Queries
------------------------------------------------------------------------------------------------------------------------------------  -----  ---------  --------  ----------  --------------  -------------------  ----------------------
/workspaces/lab-2/.venv/lib/python3.12/site-packages/airflow/example_dags/tutorial.py                                                                          1           0  0.33s           2026-08-20T11:11:13                      12
/workspaces/lab-2/.venv/lib/python3.12/site-packages/airflow/example_dags/example_xcomargs.py                                                                  2           0  0.32s           2026-08-20T11:11:11                      13
/workspaces/lab-2/.venv/lib/python3.12/site-packages/airflow/example_dags/example_subdag_operator.py                                                           3           0  0.32s           2026-08-20T11:11:21                      20
/workspaces/lab-2/.venv/lib/python3.12/site-packages/airflow/example_dags/example_workday_timetable.py                                                         1           0  0.31s           2026-08-20T11:11:15                      12
/workspaces/lab-2/.venv/lib/python3.12/site-packages/airflow/example_dags/tutorial_objectstorage.py                                                            1           0  0.23s           2026-08-20T11:11:10                      10
/workspaces/lab-2/.venv/lib/python3.12/site-packages/airflow/example_dags/example_external_task_marker_dag.py                                                  2           0  0.23s           2026-08-20T11:10:59                      13
/workspaces/lab-2/.venv/lib/python3.12/site-packages/airflow/example_dags/tutorial_taskflow_api.py                                                             1           0  0.22s           2026-08-20T11:11:09                      10
/workspaces/lab-2/.venv/lib/python3.12/site-packages/airflow/example_dags/tutorial_taskflow_api_virtualenv.py                                                  1           0  0.22s           2026-08-20T11:11:11                      10
/workspaces/lab-2/.venv/lib/python3.12/site-packages/airflow/example_dags/example_dataset_alias_with_no_taskflow.py                                            4           0  0.22s           2026-08-20T11:11:01                      27
/workspaces/lab-2/.venv/lib/python3.12/site-packages/airflow/example_dags/example_display_name.py                                                              1           0  0.21s           2026-08-20T11:10:56                      10
/workspaces/lab-2/.venv/lib/python3.12/site-packages/airflow/example_dags/example_inlet_event_extra.py                                                         2           0  0.21s           2026-08-20T11:10:55                      15
/workspaces/lab-2/.venv/lib/python3.12/site-packages/airflow/example_dags/example_datasets.py                                                                 10           0  0.21s           2026-08-20T11:11:00                      49
/workspaces/lab-2/.venv/lib/python3.12/site-packages/airflow/example_dags/example_nested_branch_dag.py                                                         1           0  0.21s           2026-08-20T11:10:53                      12
/workspaces/lab-2/.venv/lib/python3.12/site-packages/airflow/example_dags/example_dataset_alias.py                                                             4           0  0.21s           2026-08-20T11:11:23                      27
/workspaces/lab-2/.venv/lib/python3.12/site-packages/airflow/example_dags/example_skip_dag.py                                                                  1           0  0.21s           2026-08-20T11:11:37                      12
/workspaces/lab-2/.venv/lib/python3.12/site-packages/airflow/example_dags/example_dag_decorator.py                                                             1           0  0.21s           2026-08-20T11:11:24                      32
/workspaces/lab-2/.venv/lib/python3.12/site-packages/airflow/example_dags/plugins/event_listener.py                                                            0           0  0.14s           2026-08-20T11:11:07                       3
/workspaces/lab-2/.venv/lib/python3.12/site-packages/airflow/example_dags/example_dynamic_task_mapping_with_no_taskflow_operators.py                           1           0  0.13s           2026-08-20T11:10:55                      10
/workspaces/lab-2/.venv/lib/python3.12/site-packages/airflow/example_dags/example_trigger_target_dag.py                                                        1           0  0.13s           2026-08-20T11:11:14                      10
/workspaces/lab-2/.venv/lib/python3.12/site-packages/airflow/example_dags/plugins/listener_plugin.py                                                           0           0  0.12s           2026-08-20T11:11:06                       3
/workspaces/lab-2/.venv/lib/python3.12/site-packages/airflow/example_dags/plugins/workday.py                                                                   0           0  0.11s           2026-08-20T11:11:06                       3
/workspaces/lab-2/.venv/lib/python3.12/site-packages/airflow/example_dags/example_sensors.py                                                                   1           0  0.11s           2026-08-20T11:11:35                      10
/workspaces/lab-2/.venv/lib/python3.12/site-packages/airflow/example_dags/plugins/decreasing_priority_weight_strategy.py                                       0           0  0.11s           2026-08-20T11:11:05                       3
/workspaces/lab-2/.venv/lib/python3.12/site-packages/airflow/example_dags/example_branch_labels.py                                                             1           0  0.11s           2026-08-20T11:11:28                      12
/workspaces/lab-2/.venv/lib/python3.12/site-packages/airflow/example_dags/example_task_group.py                                                                1           0  0.11s           2026-08-20T11:11:31                      10
/workspaces/lab-2/.venv/lib/python3.12/site-packages/airflow/example_dags/example_setup_teardown.py                                                            1           0  0.11s           2026-08-20T11:11:34                      10
/workspaces/lab-2/.venv/lib/python3.12/site-packages/airflow/example_dags/example_latest_only.py                                                               1           0  0.11s           2026-08-20T11:10:52                      12
/workspaces/lab-2/.venv/lib/python3.12/site-packages/airflow/example_dags/example_branch_day_of_week_operator.py                                               1           0  0.11s           2026-08-20T11:11:01                      12
/workspaces/lab-2/.venv/lib/python3.12/site-packages/airflow/example_dags/example_bash_decorator.py                                                            1           0  0.11s           2026-08-20T11:11:29                      10
/workspaces/lab-2/.venv/lib/python3.12/site-packages/airflow/example_dags/example_time_delta_sensor_async.py                                                   1           0  0.11s           2026-08-20T11:11:22                      10
/workspaces/lab-2/.venv/lib/python3.12/site-packages/airflow/example_dags/example_task_group_decorator.py                                                      1           0  0.11s           2026-08-20T11:11:30                      10
/workspaces/lab-2/.venv/lib/python3.12/site-packages/airflow/example_dags/example_params_ui_tutorial.py                                                        1           0  0.11s           2026-08-20T11:11:39                      10
/workspaces/lab-2/.venv/lib/python3.12/site-packages/airflow/example_dags/example_short_circuit_decorator.py                                                   1           0  0.11s           2026-08-20T11:11:32                      10
/workspaces/lab-2/.venv/lib/python3.12/site-packages/airflow/example_dags/example_python_operator.py                                                           1           0  0.11s           2026-08-20T11:11:37                      10
/workspaces/lab-2/dags/etl_ingestion_dag.py                                                                                                                    0           1  0.11s           2026-08-20T11:11:02                       5
/workspaces/lab-2/.venv/lib/python3.12/site-packages/airflow/example_dags/example_xcom.py                                                                      1           0  0.11s           2026-08-20T11:11:17                      12
/workspaces/lab-2/.venv/lib/python3.12/site-packages/airflow/example_dags/example_dynamic_task_mapping.py                                                      1           0  0.11s           2026-08-20T11:10:58                      10
/workspaces/lab-2/.venv/lib/python3.12/site-packages/airflow/example_dags/example_python_decorator.py                                                          1           0  0.11s           2026-08-20T11:11:37                      10
/workspaces/lab-2/.venv/lib/python3.12/site-packages/airflow/example_dags/example_setup_teardown_taskflow.py                                                   1           0  0.11s           2026-08-20T11:11:32                      10
/workspaces/lab-2/.venv/lib/python3.12/site-packages/airflow/example_dags/example_kubernetes_executor.py                                                       0           0  0.11s           2026-08-20T11:10:57                       3
/workspaces/lab-2/.venv/lib/python3.12/site-packages/airflow/example_dags/example_sla_dag.py                                                                   1           0  0.11s           2026-08-20T11:11:19                      12
/workspaces/lab-2/.venv/lib/python3.12/site-packages/airflow/example_dags/tutorial_dag.py                                                                      1           0  0.11s           2026-08-20T11:11:18                      10
/workspaces/lab-2/.venv/lib/python3.12/site-packages/airflow/example_dags/example_bash_operator.py                                                             1           0  0.11s           2026-08-20T11:10:38                      12
/workspaces/lab-2/.venv/lib/python3.12/site-packages/airflow/example_dags/example_branch_operator.py                                                           1           0  0.11s           2026-08-20T11:10:37                      12
/workspaces/lab-2/.venv/lib/python3.12/site-packages/airflow/example_dags/example_sensor_decorator.py                                                          1           0  0.11s           2026-08-20T11:11:40                      10
/workspaces/lab-2/.venv/lib/python3.12/site-packages/airflow/example_dags/subdags/subdag.py                                                                    0           0  0.11s           2026-08-20T11:11:03                       3
/workspaces/lab-2/.venv/lib/python3.12/site-packages/airflow/example_dags/example_passing_params_via_test_command.py                                           1           0  0.11s           2026-08-20T11:11:38                      12
/workspaces/lab-2/.venv/lib/python3.12/site-packages/airflow/example_dags/example_latest_only_with_trigger.py                                                  1           0  0.11s           2026-08-20T11:11:41                      12
/workspaces/lab-2/.venv/lib/python3.12/site-packages/airflow/example_dags/example_local_kubernetes_executor.py                                                 0           0  0.11s           2026-08-20T11:10:50                       3
/workspaces/lab-2/.venv/lib/python3.12/site-packages/airflow/example_dags/example_outlet_event_extra.py                                                        3           0  0.11s           2026-08-20T11:10:51                      19
/workspaces/lab-2/.venv/lib/python3.12/site-packages/airflow/example_dags/example_trigger_controller_dag.py                                                    1           0  0.11s           2026-08-20T11:11:20                      12
/workspaces/lab-2/.venv/lib/python3.12/site-packages/airflow/example_dags/example_params_trigger_ui.py                                                         1           0  0.11s           2026-08-20T11:10:50                      10
/workspaces/lab-2/.venv/lib/python3.12/site-packages/airflow/example_dags/example_branch_python_dop_operator_3.py                                              1           0  0.11s           2026-08-20T11:11:25                      12
/workspaces/lab-2/.venv/lib/python3.12/site-packages/airflow/example_dags/example_short_circuit_operator.py                                                    1           0  0.11s           2026-08-20T11:11:33                      10
/workspaces/lab-2/.venv/lib/python3.12/site-packages/airflow/example_dags/example_branch_operator_decorator.py                                                 1           0  0.11s           2026-08-20T11:11:27                      12
/workspaces/lab-2/.venv/lib/python3.12/site-packages/airflow/example_dags/example_complex.py                                                                   1           0  0.10s           2026-08-20T11:11:26                      10
/workspaces/lab-2/.venv/lib/python3.12/site-packages/airflow/example_dags/example_branch_datetime_operator.py                                                  3           0  0.10s           2026-08-20T11:10:38                      18
================================================================================
[2026-08-20T11:11:43.464+0000] {manager.py:997} INFO - 
================================================================================
DAG File Processing Stats

File Path                                                                                                                             PID    Runtime      # DAGs    # Errors  Last Runtime    Last Run               Last # of DB Queries
------------------------------------------------------------------------------------------------------------------------------------  -----  ---------  --------  ----------  --------------  -------------------  ----------------------
/workspaces/lab-2/.venv/lib/python3.12/site-packages/airflow/example_dags/example_python_operator.py                                                           1           0  0.21s           2026-08-20T11:11:41                      32
/workspaces/lab-2/.venv/lib/python3.12/site-packages/airflow/example_dags/tutorial_taskflow_api_virtualenv.py                                                  1           0  0.21s           2026-08-20T11:11:22                      32
/workspaces/lab-2/.venv/lib/python3.12/site-packages/airflow/example_dags/example_python_decorator.py                                                          1           0  0.21s           2026-08-20T11:11:39                      32
/workspaces/lab-2/dags/etl_ingestion_dag.py                                                                                                                    0           1  0.12s           2026-08-20T11:11:13                       5
/workspaces/lab-2/.venv/lib/python3.12/site-packages/airflow/example_dags/plugins/decreasing_priority_weight_strategy.py                                       0           0  0.12s           2026-08-20T11:11:15                       3
/workspaces/lab-2/.venv/lib/python3.12/site-packages/airflow/example_dags/subdags/subdag.py                                                                    0           0  0.11s           2026-08-20T11:11:14                       3
/workspaces/lab-2/.venv/lib/python3.12/site-packages/airflow/example_dags/example_sensor_decorator.py                                                          1           0  0.11s           2026-08-20T11:11:43                      10
/workspaces/lab-2/.venv/lib/python3.12/site-packages/airflow/example_dags/example_workday_timetable.py                                                         1           0  0.11s           2026-08-20T11:11:26                      12
/workspaces/lab-2/.venv/lib/python3.12/site-packages/airflow/example_dags/tutorial_objectstorage.py                                                            1           0  0.11s           2026-08-20T11:11:21                      10
/workspaces/lab-2/.venv/lib/python3.12/site-packages/airflow/example_dags/example_xcom.py                                                                      1           0  0.11s           2026-08-20T11:11:27                      12
/workspaces/lab-2/.venv/lib/python3.12/site-packages/airflow/example_dags/plugins/listener_plugin.py                                                           0           0  0.11s           2026-08-20T11:11:16                       3
/workspaces/lab-2/.venv/lib/python3.12/site-packages/airflow/example_dags/example_xcomargs.py                                                                  2           0  0.11s           2026-08-20T11:11:23                      13
/workspaces/lab-2/.venv/lib/python3.12/site-packages/airflow/example_dags/example_short_circuit_operator.py                                                    1           0  0.11s           2026-08-20T11:11:35                      10
/workspaces/lab-2/.venv/lib/python3.12/site-packages/airflow/example_dags/example_sensors.py                                                                   1           0  0.11s           2026-08-20T11:11:38                      10
/workspaces/lab-2/.venv/lib/python3.12/site-packages/airflow/example_dags/example_passing_params_via_test_command.py                                           1           0  0.11s           2026-08-20T11:11:42                      12
/workspaces/lab-2/.venv/lib/python3.12/site-packages/airflow/example_dags/example_subdag_operator.py                                                           3           0  0.10s           2026-08-20T11:11:30                      20
/workspaces/lab-2/.venv/lib/python3.12/site-packages/airflow/example_dags/example_params_ui_tutorial.py                                                        1           0  0.10s           2026-08-20T11:11:43                      10
/workspaces/lab-2/.venv/lib/python3.12/site-packages/airflow/example_dags/example_setup_teardown.py                                                            1           0  0.10s           2026-08-20T11:11:36                      10
/workspaces/lab-2/.venv/lib/python3.12/site-packages/airflow/example_dags/example_short_circuit_decorator.py                                                   1           0  0.10s           2026-08-20T11:11:34                      10
/workspaces/lab-2/.venv/lib/python3.12/site-packages/airflow/example_dags/example_task_group.py                                                                1           0  0.10s           2026-08-20T11:11:33                      10
/workspaces/lab-2/.venv/lib/python3.12/site-packages/airflow/example_dags/example_time_delta_sensor_async.py                                                   1           0  0.10s           2026-08-20T11:11:31                      10
/workspaces/lab-2/.venv/lib/python3.12/site-packages/airflow/example_dags/tutorial_taskflow_api.py                                                             1           0  0.10s           2026-08-20T11:11:20                      10
/workspaces/lab-2/.venv/lib/python3.12/site-packages/airflow/example_dags/example_skip_dag.py                                                                  1           0  0.10s           2026-08-20T11:11:38                      12
/workspaces/lab-2/.venv/lib/python3.12/site-packages/airflow/example_dags/example_trigger_target_dag.py                                                        1           0  0.10s           2026-08-20T11:11:25                      10
/workspaces/lab-2/.venv/lib/python3.12/site-packages/airflow/example_dags/plugins/event_listener.py                                                            0           0  0.10s           2026-08-20T11:11:19                       3
/workspaces/lab-2/.venv/lib/python3.12/site-packages/airflow/example_dags/tutorial_dag.py                                                                      1           0  0.10s           2026-08-20T11:11:28                      10
/workspaces/lab-2/.venv/lib/python3.12/site-packages/airflow/example_dags/example_trigger_controller_dag.py                                                    1           0  0.10s           2026-08-20T11:11:29                      12
/workspaces/lab-2/.venv/lib/python3.12/site-packages/airflow/example_dags/example_setup_teardown_taskflow.py                                                   1           0  0.10s           2026-08-20T11:11:33                      10
/workspaces/lab-2/.venv/lib/python3.12/site-packages/airflow/example_dags/example_task_group_decorator.py                                                      1           0  0.10s           2026-08-20T11:11:32                      10
/workspaces/lab-2/.venv/lib/python3.12/site-packages/airflow/example_dags/tutorial.py                                                                          1           0  0.10s           2026-08-20T11:11:24                      12
/workspaces/lab-2/.venv/lib/python3.12/site-packages/airflow/example_dags/example_sla_dag.py                                                                   1           0  0.10s           2026-08-20T11:11:28                      12
/workspaces/lab-2/.venv/lib/python3.12/site-packages/airflow/example_dags/plugins/workday.py                                                                   0           0  0.10s           2026-08-20T11:11:18                       3
/workspaces/lab-2/.venv/lib/python3.12/site-packages/airflow/example_dags/example_dynamic_task_mapping_with_no_taskflow_operators.py                           0           0                                                            0
/workspaces/lab-2/.venv/lib/python3.12/site-packages/airflow/example_dags/example_datasets.py                                                                  0           0                                                            0
/workspaces/lab-2/.venv/lib/python3.12/site-packages/airflow/example_dags/example_branch_operator.py                                                           0           0                                                            0
/workspaces/lab-2/.venv/lib/python3.12/site-packages/airflow/example_dags/example_inlet_event_extra.py                                                         0           0                                                            0
/workspaces/lab-2/.venv/lib/python3.12/site-packages/airflow/example_dags/example_bash_operator.py                                                             0           0                                                            0
/workspaces/lab-2/.venv/lib/python3.12/site-packages/airflow/example_dags/example_branch_datetime_operator.py                                                  0           0                                                            0
/workspaces/lab-2/.venv/lib/python3.12/site-packages/airflow/example_dags/example_latest_only_with_trigger.py                                                  0           0                                                            0
/workspaces/lab-2/.venv/lib/python3.12/site-packages/airflow/example_dags/example_branch_day_of_week_operator.py                                               0           0                                                            0
/workspaces/lab-2/.venv/lib/python3.12/site-packages/airflow/example_dags/example_dataset_alias_with_no_taskflow.py                                            0           0                                                            0
/workspaces/lab-2/.venv/lib/python3.12/site-packages/airflow/example_dags/example_display_name.py                                                              0           0                                                            0
/workspaces/lab-2/.venv/lib/python3.12/site-packages/airflow/example_dags/example_kubernetes_executor.py                                                       0           0                                                            0
/workspaces/lab-2/.venv/lib/python3.12/site-packages/airflow/example_dags/example_dynamic_task_mapping.py                                                      0           0                                                            0
/workspaces/lab-2/.venv/lib/python3.12/site-packages/airflow/example_dags/example_local_kubernetes_executor.py                                                 0           0                                                            0
/workspaces/lab-2/.venv/lib/python3.12/site-packages/airflow/example_dags/example_dataset_alias.py                                                             0           0                                                            0
/workspaces/lab-2/.venv/lib/python3.12/site-packages/airflow/example_dags/example_params_trigger_ui.py                                                         0           0                                                            0
/workspaces/lab-2/.venv/lib/python3.12/site-packages/airflow/example_dags/example_outlet_event_extra.py                                                        0           0                                                            0
/workspaces/lab-2/.venv/lib/python3.12/site-packages/airflow/example_dags/example_latest_only.py                                                               0           0                                                            0
/workspaces/lab-2/.venv/lib/python3.12/site-packages/airflow/example_dags/example_dag_decorator.py                                                             0           0                                                            0
/workspaces/lab-2/.venv/lib/python3.12/site-packages/airflow/example_dags/example_external_task_marker_dag.py                                                  0           0                                                            0
/workspaces/lab-2/.venv/lib/python3.12/site-packages/airflow/example_dags/example_bash_decorator.py                                                            0           0                                                            0
/workspaces/lab-2/.venv/lib/python3.12/site-packages/airflow/example_dags/example_branch_operator_decorator.py                                                 0           0                                                            0
/workspaces/lab-2/.venv/lib/python3.12/site-packages/airflow/example_dags/example_nested_branch_dag.py                                                         0           0                                                            0
/workspaces/lab-2/.venv/lib/python3.12/site-packages/airflow/example_dags/example_branch_labels.py                                                             0           0                                                            0
/workspaces/lab-2/.venv/lib/python3.12/site-packages/airflow/example_dags/example_branch_python_dop_operator_3.py                                              0           0                                                            0
/workspaces/lab-2/.venv/lib/python3.12/site-packages/airflow/example_dags/example_complex.py                                                                   0           0                                                            0
================================================================================
[2026-08-20T11:12:11.844+0000] {manager.py:997} INFO - 
================================================================================
DAG File Processing Stats

File Path                                                                                                                             PID    Runtime      # DAGs    # Errors  Last Runtime    Last Run               Last # of DB Queries
------------------------------------------------------------------------------------------------------------------------------------  -----  ---------  --------  ----------  --------------  -------------------  ----------------------
/workspaces/lab-2/.venv/lib/python3.12/site-packages/airflow/example_dags/example_subdag_operator.py                                                           3           0  0.32s           2026-08-20T11:11:21                      20
/workspaces/lab-2/.venv/lib/python3.12/site-packages/airflow/example_dags/example_bash_operator.py                                                             1           0  0.22s           2026-08-20T11:11:54                      12
/workspaces/lab-2/.venv/lib/python3.12/site-packages/airflow/example_dags/example_dataset_alias_with_no_taskflow.py                                            4           0  0.22s           2026-08-20T11:11:01                      27
/workspaces/lab-2/.venv/lib/python3.12/site-packages/airflow/example_dags/example_datasets.py                                                                 10           0  0.21s           2026-08-20T11:11:00                      49
/workspaces/lab-2/.venv/lib/python3.12/site-packages/airflow/example_dags/example_workday_timetable.py                                                         1           0  0.21s           2026-08-20T11:12:08                      12
/workspaces/lab-2/.venv/lib/python3.12/site-packages/airflow/example_dags/tutorial_taskflow_api_virtualenv.py                                                  1           0  0.21s           2026-08-20T11:12:04                      32
/workspaces/lab-2/.venv/lib/python3.12/site-packages/airflow/example_dags/example_dataset_alias.py                                                             4           0  0.21s           2026-08-20T11:11:23                      27
/workspaces/lab-2/.venv/lib/python3.12/site-packages/airflow/example_dags/example_skip_dag.py                                                                  1           0  0.21s           2026-08-20T11:11:37                      12
/workspaces/lab-2/.venv/lib/python3.12/site-packages/airflow/example_dags/example_dag_decorator.py                                                             1           0  0.21s           2026-08-20T11:11:24                      32
/workspaces/lab-2/dags/etl_ingestion_dag.py                                                                                                                    0           1  0.14s           2026-08-20T11:11:56                       5
/workspaces/lab-2/.venv/lib/python3.12/site-packages/airflow/example_dags/example_dynamic_task_mapping_with_no_taskflow_operators.py                           1           0  0.12s           2026-08-20T11:11:47                      10
/workspaces/lab-2/.venv/lib/python3.12/site-packages/airflow/example_dags/tutorial_taskflow_api.py                                                             1           0  0.11s           2026-08-20T11:12:02                      10
/workspaces/lab-2/.venv/lib/python3.12/site-packages/airflow/example_dags/plugins/listener_plugin.py                                                           0           0  0.11s           2026-08-20T11:11:59                       3
/workspaces/lab-2/.venv/lib/python3.12/site-packages/airflow/example_dags/example_display_name.py                                                              1           0  0.11s           2026-08-20T11:11:49                      10
/workspaces/lab-2/.venv/lib/python3.12/site-packages/airflow/example_dags/example_sensors.py                                                                   1           0  0.11s           2026-08-20T11:11:35                      10
/workspaces/lab-2/.venv/lib/python3.12/site-packages/airflow/example_dags/example_branch_labels.py                                                             1           0  0.11s           2026-08-20T11:11:28                      12
/workspaces/lab-2/.venv/lib/python3.12/site-packages/airflow/example_dags/subdags/subdag.py                                                                    0           0  0.11s           2026-08-20T11:11:57                       3
/workspaces/lab-2/.venv/lib/python3.12/site-packages/airflow/example_dags/plugins/decreasing_priority_weight_strategy.py                                       0           0  0.11s           2026-08-20T11:11:58                       3
/workspaces/lab-2/.venv/lib/python3.12/site-packages/airflow/example_dags/tutorial.py                                                                          1           0  0.11s           2026-08-20T11:12:06                      12
/workspaces/lab-2/.venv/lib/python3.12/site-packages/airflow/example_dags/example_nested_branch_dag.py                                                         1           0  0.11s           2026-08-20T11:11:46                      12
/workspaces/lab-2/.venv/lib/python3.12/site-packages/airflow/example_dags/example_task_group.py                                                                1           0  0.11s           2026-08-20T11:11:31                      10
/workspaces/lab-2/.venv/lib/python3.12/site-packages/airflow/example_dags/example_dynamic_task_mapping.py                                                      1           0  0.11s           2026-08-20T11:11:51                      10
/workspaces/lab-2/.venv/lib/python3.12/site-packages/airflow/example_dags/example_setup_teardown.py                                                            1           0  0.11s           2026-08-20T11:11:34                      10
/workspaces/lab-2/.venv/lib/python3.12/site-packages/airflow/example_dags/example_branch_day_of_week_operator.py                                               1           0  0.11s           2026-08-20T11:11:01                      12
/workspaces/lab-2/.venv/lib/python3.12/site-packages/airflow/example_dags/example_outlet_event_extra.py                                                        3           0  0.11s           2026-08-20T11:11:43                      19
/workspaces/lab-2/.venv/lib/python3.12/site-packages/airflow/example_dags/example_external_task_marker_dag.py                                                  2           0  0.11s           2026-08-20T11:11:52                      13
/workspaces/lab-2/.venv/lib/python3.12/site-packages/airflow/example_dags/example_bash_decorator.py                                                            1           0  0.11s           2026-08-20T11:11:29                      10
/workspaces/lab-2/.venv/lib/python3.12/site-packages/airflow/example_dags/example_time_delta_sensor_async.py                                                   1           0  0.11s           2026-08-20T11:11:22                      10
/workspaces/lab-2/.venv/lib/python3.12/site-packages/airflow/example_dags/example_branch_datetime_operator.py                                                  3           0  0.11s           2026-08-20T11:11:55                      18
/workspaces/lab-2/.venv/lib/python3.12/site-packages/airflow/example_dags/example_task_group_decorator.py                                                      1           0  0.11s           2026-08-20T11:11:30                      10
/workspaces/lab-2/.venv/lib/python3.12/site-packages/airflow/example_dags/example_params_ui_tutorial.py                                                        1           0  0.11s           2026-08-20T11:11:39                      10
/workspaces/lab-2/.venv/lib/python3.12/site-packages/airflow/example_dags/example_short_circuit_decorator.py                                                   1           0  0.11s           2026-08-20T11:11:32                      10
/workspaces/lab-2/.venv/lib/python3.12/site-packages/airflow/example_dags/tutorial_dag.py                                                                      1           0  0.11s           2026-08-20T11:12:10                      10
/workspaces/lab-2/.venv/lib/python3.12/site-packages/airflow/example_dags/example_python_operator.py                                                           1           0  0.11s           2026-08-20T11:11:37                      10
/workspaces/lab-2/.venv/lib/python3.12/site-packages/airflow/example_dags/plugins/event_listener.py                                                            0           0  0.11s           2026-08-20T11:12:01                       3
/workspaces/lab-2/.venv/lib/python3.12/site-packages/airflow/example_dags/example_python_decorator.py                                                          1           0  0.11s           2026-08-20T11:11:37                      10
/workspaces/lab-2/.venv/lib/python3.12/site-packages/airflow/example_dags/example_setup_teardown_taskflow.py                                                   1           0  0.11s           2026-08-20T11:11:32                      10
/workspaces/lab-2/.venv/lib/python3.12/site-packages/airflow/example_dags/tutorial_objectstorage.py                                                            1           0  0.11s           2026-08-20T11:12:03                      10
/workspaces/lab-2/.venv/lib/python3.12/site-packages/airflow/example_dags/plugins/workday.py                                                                   0           0  0.11s           2026-08-20T11:12:00                       3
/workspaces/lab-2/.venv/lib/python3.12/site-packages/airflow/example_dags/example_sensor_decorator.py                                                          1           0  0.11s           2026-08-20T11:11:40                      10
/workspaces/lab-2/.venv/lib/python3.12/site-packages/airflow/example_dags/example_sla_dag.py                                                                   1           0  0.11s           2026-08-20T11:12:11                      12
/workspaces/lab-2/.venv/lib/python3.12/site-packages/airflow/example_dags/example_branch_operator.py                                                           1           0  0.11s           2026-08-20T11:11:53                      12
/workspaces/lab-2/.venv/lib/python3.12/site-packages/airflow/example_dags/example_local_kubernetes_executor.py                                                 0           0  0.11s           2026-08-20T11:11:42                       3
/workspaces/lab-2/.venv/lib/python3.12/site-packages/airflow/example_dags/example_trigger_target_dag.py                                                        1           0  0.11s           2026-08-20T11:12:08                      10
/workspaces/lab-2/.venv/lib/python3.12/site-packages/airflow/example_dags/example_params_trigger_ui.py                                                         1           0  0.11s           2026-08-20T11:11:42                      10
/workspaces/lab-2/.venv/lib/python3.12/site-packages/airflow/example_dags/example_passing_params_via_test_command.py                                           1           0  0.11s           2026-08-20T11:11:38                      12
/workspaces/lab-2/.venv/lib/python3.12/site-packages/airflow/example_dags/example_latest_only_with_trigger.py                                                  1           0  0.11s           2026-08-20T11:11:41                      12
/workspaces/lab-2/.venv/lib/python3.12/site-packages/airflow/example_dags/example_kubernetes_executor.py                                                       0           0  0.11s           2026-08-20T11:11:50                       3
/workspaces/lab-2/.venv/lib/python3.12/site-packages/airflow/example_dags/example_trigger_controller_dag.py                                                    1           0  0.11s           2026-08-20T11:11:20                      12
/workspaces/lab-2/.venv/lib/python3.12/site-packages/airflow/example_dags/example_xcomargs.py                                                                  2           0  0.11s           2026-08-20T11:12:05                      13
/workspaces/lab-2/.venv/lib/python3.12/site-packages/airflow/example_dags/example_xcom.py                                                                      1           0  0.11s           2026-08-20T11:12:09                      12
/workspaces/lab-2/.venv/lib/python3.12/site-packages/airflow/example_dags/example_inlet_event_extra.py                                                         2           0  0.11s           2026-08-20T11:11:47                      15
/workspaces/lab-2/.venv/lib/python3.12/site-packages/airflow/example_dags/example_branch_python_dop_operator_3.py                                              1           0  0.11s           2026-08-20T11:11:25                      12
/workspaces/lab-2/.venv/lib/python3.12/site-packages/airflow/example_dags/example_short_circuit_operator.py                                                    1           0  0.11s           2026-08-20T11:11:33                      10
/workspaces/lab-2/.venv/lib/python3.12/site-packages/airflow/example_dags/example_branch_operator_decorator.py                                                 1           0  0.11s           2026-08-20T11:11:27                      12
/workspaces/lab-2/.venv/lib/python3.12/site-packages/airflow/example_dags/example_latest_only.py                                                               1           0  0.11s           2026-08-20T11:11:45                      12
/workspaces/lab-2/.venv/lib/python3.12/site-packages/airflow/example_dags/example_complex.py                                                                   1           0  0.10s           2026-08-20T11:11:26                      10
================================================================================
[2026-08-20T11:12:13.719+0000] {manager.py:997} INFO - 
================================================================================
DAG File Processing Stats

File Path                                                                                                                             PID    Runtime      # DAGs    # Errors  Last Runtime    Last Run               Last # of DB Queries
------------------------------------------------------------------------------------------------------------------------------------  -----  ---------  --------  ----------  --------------  -------------------  ----------------------
/workspaces/lab-2/.venv/lib/python3.12/site-packages/airflow/example_dags/example_datasets.py                                                                 10           0  0.41s           2026-08-20T11:11:56                      49
/workspaces/lab-2/.venv/lib/python3.12/site-packages/airflow/example_dags/example_dag_decorator.py                                                             1           0  0.31s           2026-08-20T11:11:59                      32
/workspaces/lab-2/.venv/lib/python3.12/site-packages/airflow/example_dags/example_dataset_alias_with_no_taskflow.py                                            4           0  0.22s           2026-08-20T11:11:58                      27
/workspaces/lab-2/.venv/lib/python3.12/site-packages/airflow/example_dags/example_branch_labels.py                                                             1           0  0.21s           2026-08-20T11:12:08                      12
/workspaces/lab-2/.venv/lib/python3.12/site-packages/airflow/example_dags/example_outlet_event_extra.py                                                        3           0  0.21s           2026-08-20T11:11:47                      19
/workspaces/lab-2/.venv/lib/python3.12/site-packages/airflow/example_dags/example_dynamic_task_mapping.py                                                      1           0  0.21s           2026-08-20T11:11:54                      10
/workspaces/lab-2/.venv/lib/python3.12/site-packages/airflow/example_dags/example_display_name.py                                                              1           0  0.21s           2026-08-20T11:11:52                      10
/workspaces/lab-2/.venv/lib/python3.12/site-packages/airflow/example_dags/example_dataset_alias.py                                                             4           0  0.21s           2026-08-20T11:11:58                      27
/workspaces/lab-2/.venv/lib/python3.12/site-packages/airflow/example_dags/example_python_operator.py                                                           1           0  0.21s           2026-08-20T11:11:41                      32
/workspaces/lab-2/.venv/lib/python3.12/site-packages/airflow/example_dags/example_branch_operator.py                                                           1           0  0.21s           2026-08-20T11:12:03                      34
/workspaces/lab-2/.venv/lib/python3.12/site-packages/airflow/example_dags/tutorial_taskflow_api_virtualenv.py                                                  1           0  0.21s           2026-08-20T11:11:22                      32
/workspaces/lab-2/.venv/lib/python3.12/site-packages/airflow/example_dags/example_bash_decorator.py                                                            1           0  0.21s           2026-08-20T11:12:09                      32
/workspaces/lab-2/.venv/lib/python3.12/site-packages/airflow/example_dags/example_branch_operator_decorator.py                                                 1           0  0.21s           2026-08-20T11:12:07                      34
/workspaces/lab-2/.venv/lib/python3.12/site-packages/airflow/example_dags/example_python_decorator.py                                                          1           0  0.21s           2026-08-20T11:11:39                      32
/workspaces/lab-2/.venv/lib/python3.12/site-packages/airflow/example_dags/example_complex.py                                                                   1           0  0.11s           2026-08-20T11:12:01                      10
/workspaces/lab-2/.venv/lib/python3.12/site-packages/airflow/example_dags/example_local_kubernetes_executor.py                                                 0           0  0.11s           2026-08-20T11:11:44                       3
/workspaces/lab-2/.venv/lib/python3.12/site-packages/airflow/example_dags/example_sensor_decorator.py                                                          1           0  0.11s           2026-08-20T11:11:43                      10
/workspaces/lab-2/.venv/lib/python3.12/site-packages/airflow/example_dags/example_workday_timetable.py                                                         1           0  0.11s           2026-08-20T11:11:26                      12
/workspaces/lab-2/.venv/lib/python3.12/site-packages/airflow/example_dags/tutorial_objectstorage.py                                                            1           0  0.11s           2026-08-20T11:11:21                      10
/workspaces/lab-2/.venv/lib/python3.12/site-packages/airflow/example_dags/example_external_task_marker_dag.py                                                  2           0  0.11s           2026-08-20T11:11:55                      13
/workspaces/lab-2/dags/etl_ingestion_dag.py                                                                                                                    0           1  0.11s           2026-08-20T11:12:09                       5
/workspaces/lab-2/.venv/lib/python3.12/site-packages/airflow/example_dags/example_branch_datetime_operator.py                                                  3           0  0.11s           2026-08-20T11:12:04                      18
/workspaces/lab-2/.venv/lib/python3.12/site-packages/airflow/example_dags/example_kubernetes_executor.py                                                       0           0  0.11s           2026-08-20T11:11:53                       3
/workspaces/lab-2/.venv/lib/python3.12/site-packages/airflow/example_dags/example_xcom.py                                                                      1           0  0.11s           2026-08-20T11:11:27                      12
/workspaces/lab-2/.venv/lib/python3.12/site-packages/airflow/example_dags/example_xcomargs.py                                                                  2           0  0.11s           2026-08-20T11:11:23                      13
/workspaces/lab-2/.venv/lib/python3.12/site-packages/airflow/example_dags/example_short_circuit_operator.py                                                    1           0  0.11s           2026-08-20T11:11:35                      10
/workspaces/lab-2/.venv/lib/python3.12/site-packages/airflow/example_dags/example_inlet_event_extra.py                                                         2           0  0.11s           2026-08-20T11:11:51                      15
/workspaces/lab-2/.venv/lib/python3.12/site-packages/airflow/example_dags/subdags/subdag.py                                                                    0           0  0.11s           2026-08-20T11:12:11                       3
/workspaces/lab-2/.venv/lib/python3.12/site-packages/airflow/example_dags/example_sensors.py                                                                   1           0  0.11s           2026-08-20T11:11:38                      10
/workspaces/lab-2/.venv/lib/python3.12/site-packages/airflow/example_dags/plugins/workday.py                                                                   0           0  0.11s           2026-08-20T11:12:13                       3
/workspaces/lab-2/.venv/lib/python3.12/site-packages/airflow/example_dags/example_dynamic_task_mapping_with_no_taskflow_operators.py                           1           0  0.11s           2026-08-20T11:11:50                      10
/workspaces/lab-2/.venv/lib/python3.12/site-packages/airflow/example_dags/example_passing_params_via_test_command.py                                           1           0  0.11s           2026-08-20T11:11:42                      12
/workspaces/lab-2/.venv/lib/python3.12/site-packages/airflow/example_dags/example_bash_operator.py                                                             1           0  0.10s           2026-08-20T11:12:03                      12
/workspaces/lab-2/.venv/lib/python3.12/site-packages/airflow/example_dags/plugins/listener_plugin.py                                                           0           0  0.10s           2026-08-20T11:12:13                       3
/workspaces/lab-2/.venv/lib/python3.12/site-packages/airflow/example_dags/example_params_trigger_ui.py                                                         1           0  0.10s           2026-08-20T11:11:46                      10
/workspaces/lab-2/.venv/lib/python3.12/site-packages/airflow/example_dags/plugins/decreasing_priority_weight_strategy.py                                       0           0  0.10s           2026-08-20T11:12:12                       3
/workspaces/lab-2/.venv/lib/python3.12/site-packages/airflow/example_dags/example_subdag_operator.py                                                           3           0  0.10s           2026-08-20T11:11:30                      20
/workspaces/lab-2/.venv/lib/python3.12/site-packages/airflow/example_dags/example_params_ui_tutorial.py                                                        1           0  0.10s           2026-08-20T11:11:43                      10
/workspaces/lab-2/.venv/lib/python3.12/site-packages/airflow/example_dags/example_setup_teardown.py                                                            1           0  0.10s           2026-08-20T11:11:36                      10
/workspaces/lab-2/.venv/lib/python3.12/site-packages/airflow/example_dags/example_latest_only.py                                                               1           0  0.10s           2026-08-20T11:11:48                      12
/workspaces/lab-2/.venv/lib/python3.12/site-packages/airflow/example_dags/example_nested_branch_dag.py                                                         1           0  0.10s           2026-08-20T11:11:48                      12
/workspaces/lab-2/.venv/lib/python3.12/site-packages/airflow/example_dags/example_latest_only_with_trigger.py                                                  1           0  0.10s           2026-08-20T11:11:43                      12
/workspaces/lab-2/.venv/lib/python3.12/site-packages/airflow/example_dags/example_short_circuit_decorator.py                                                   1           0  0.10s           2026-08-20T11:11:34                      10
/workspaces/lab-2/.venv/lib/python3.12/site-packages/airflow/example_dags/example_task_group.py                                                                1           0  0.10s           2026-08-20T11:11:33                      10
/workspaces/lab-2/.venv/lib/python3.12/site-packages/airflow/example_dags/example_time_delta_sensor_async.py                                                   1           0  0.10s           2026-08-20T11:11:31                      10
/workspaces/lab-2/.venv/lib/python3.12/site-packages/airflow/example_dags/example_branch_python_dop_operator_3.py                                              1           0  0.10s           2026-08-20T11:12:00                      12
/workspaces/lab-2/.venv/lib/python3.12/site-packages/airflow/example_dags/example_branch_day_of_week_operator.py                                               1           0  0.10s           2026-08-20T11:12:05                      12
/workspaces/lab-2/.venv/lib/python3.12/site-packages/airflow/example_dags/tutorial_taskflow_api.py                                                             1           0  0.10s           2026-08-20T11:11:20                      10
/workspaces/lab-2/.venv/lib/python3.12/site-packages/airflow/example_dags/example_skip_dag.py                                                                  1           0  0.10s           2026-08-20T11:11:38                      12
/workspaces/lab-2/.venv/lib/python3.12/site-packages/airflow/example_dags/example_trigger_target_dag.py                                                        1           0  0.10s           2026-08-20T11:11:25                      10
/workspaces/lab-2/.venv/lib/python3.12/site-packages/airflow/example_dags/plugins/event_listener.py                                                            0           0  0.10s           2026-08-20T11:11:19                       3
/workspaces/lab-2/.venv/lib/python3.12/site-packages/airflow/example_dags/tutorial_dag.py                                                                      1           0  0.10s           2026-08-20T11:11:28                      10
/workspaces/lab-2/.venv/lib/python3.12/site-packages/airflow/example_dags/example_trigger_controller_dag.py                                                    1           0  0.10s           2026-08-20T11:11:29                      12
/workspaces/lab-2/.venv/lib/python3.12/site-packages/airflow/example_dags/example_setup_teardown_taskflow.py                                                   1           0  0.10s           2026-08-20T11:11:33                      10
/workspaces/lab-2/.venv/lib/python3.12/site-packages/airflow/example_dags/example_task_group_decorator.py                                                      1           0  0.10s           2026-08-20T11:11:32                      10
/workspaces/lab-2/.venv/lib/python3.12/site-packages/airflow/example_dags/tutorial.py                                                                          1           0  0.10s           2026-08-20T11:11:24                      12
/workspaces/lab-2/.venv/lib/python3.12/site-packages/airflow/example_dags/example_sla_dag.py                                                                   1           0  0.10s           2026-08-20T11:11:28                      12
================================================================================
[2026-08-20T11:12:41.914+0000] {manager.py:997} INFO - 
================================================================================
DAG File Processing Stats

File Path                                                                                                                             PID    Runtime      # DAGs    # Errors  Last Runtime    Last Run               Last # of DB Queries
------------------------------------------------------------------------------------------------------------------------------------  -----  ---------  --------  ----------  --------------  -------------------  ----------------------
/workspaces/lab-2/.venv/lib/python3.12/site-packages/airflow/example_dags/example_bash_operator.py                                                             1           0  0.22s           2026-08-20T11:11:54                      12
/workspaces/lab-2/.venv/lib/python3.12/site-packages/airflow/example_dags/example_sensor_decorator.py                                                          1           0  0.22s           2026-08-20T11:12:35                      10
/workspaces/lab-2/.venv/lib/python3.12/site-packages/airflow/example_dags/example_latest_only.py                                                               1           0  0.21s           2026-08-20T11:12:39                      12
/workspaces/lab-2/.venv/lib/python3.12/site-packages/airflow/example_dags/example_workday_timetable.py                                                         1           0  0.21s           2026-08-20T11:12:08                      12
/workspaces/lab-2/.venv/lib/python3.12/site-packages/airflow/example_dags/example_setup_teardown_taskflow.py                                                   1           0  0.21s           2026-08-20T11:12:25                      10
/workspaces/lab-2/.venv/lib/python3.12/site-packages/airflow/example_dags/tutorial_taskflow_api_virtualenv.py                                                  1           0  0.21s           2026-08-20T11:12:04                      32
/workspaces/lab-2/.venv/lib/python3.12/site-packages/airflow/example_dags/example_params_ui_tutorial.py                                                        1           0  0.21s           2026-08-20T11:12:34                      10
/workspaces/lab-2/.venv/lib/python3.12/site-packages/airflow/example_dags/example_python_operator.py                                                           1           0  0.21s           2026-08-20T11:12:32                      32
/workspaces/lab-2/.venv/lib/python3.12/site-packages/airflow/example_dags/example_python_decorator.py                                                          1           0  0.21s           2026-08-20T11:12:31                      32
/workspaces/lab-2/.venv/lib/python3.12/site-packages/airflow/example_dags/example_datasets.py                                                                 10           0  0.21s           2026-08-20T11:12:16                      49
/workspaces/lab-2/dags/etl_ingestion_dag.py                                                                                                                    0           1  0.14s           2026-08-20T11:11:56                       5
/workspaces/lab-2/.venv/lib/python3.12/site-packages/airflow/example_dags/tutorial_taskflow_api.py                                                             1           0  0.11s           2026-08-20T11:12:02                      10
/workspaces/lab-2/.venv/lib/python3.12/site-packages/airflow/example_dags/plugins/listener_plugin.py                                                           0           0  0.11s           2026-08-20T11:11:59                       3
/workspaces/lab-2/.venv/lib/python3.12/site-packages/airflow/example_dags/example_display_name.py                                                              1           0  0.11s           2026-08-20T11:11:49                      10
/workspaces/lab-2/.venv/lib/python3.12/site-packages/airflow/example_dags/example_branch_labels.py                                                             1           0  0.11s           2026-08-20T11:11:28                      12
/workspaces/lab-2/.venv/lib/python3.12/site-packages/airflow/example_dags/example_trigger_controller_dag.py                                                    1           0  0.11s           2026-08-20T11:12:12                      12
/workspaces/lab-2/.venv/lib/python3.12/site-packages/airflow/example_dags/example_task_group_decorator.py                                                      1           0  0.11s           2026-08-20T11:12:22                      10
/workspaces/lab-2/.venv/lib/python3.12/site-packages/airflow/example_dags/subdags/subdag.py                                                                    0           0  0.11s           2026-08-20T11:11:57                       3
/workspaces/lab-2/.venv/lib/python3.12/site-packages/airflow/example_dags/example_nested_branch_dag.py                                                         1           0  0.11s           2026-08-20T11:12:40                      12
/workspaces/lab-2/.venv/lib/python3.12/site-packages/airflow/example_dags/plugins/decreasing_priority_weight_strategy.py                                       0           0  0.11s           2026-08-20T11:11:58                       3
/workspaces/lab-2/.venv/lib/python3.12/site-packages/airflow/example_dags/example_params_trigger_ui.py                                                         1           0  0.11s           2026-08-20T11:12:38                      10
/workspaces/lab-2/.venv/lib/python3.12/site-packages/airflow/example_dags/tutorial.py                                                                          1           0  0.11s           2026-08-20T11:12:06                      12
/workspaces/lab-2/.venv/lib/python3.12/site-packages/airflow/example_dags/example_dynamic_task_mapping.py                                                      1           0  0.11s           2026-08-20T11:11:51                      10
/workspaces/lab-2/.venv/lib/python3.12/site-packages/airflow/example_dags/example_task_group.py                                                                1           0  0.11s           2026-08-20T11:12:24                      10
/workspaces/lab-2/.venv/lib/python3.12/site-packages/airflow/example_dags/example_external_task_marker_dag.py                                                  2           0  0.11s           2026-08-20T11:11:52                      13
/workspaces/lab-2/.venv/lib/python3.12/site-packages/airflow/example_dags/example_bash_decorator.py                                                            1           0  0.11s           2026-08-20T11:11:29                      10
/workspaces/lab-2/.venv/lib/python3.12/site-packages/airflow/example_dags/example_branch_datetime_operator.py                                                  3           0  0.11s           2026-08-20T11:11:55                      18
/workspaces/lab-2/.venv/lib/python3.12/site-packages/airflow/example_dags/example_passing_params_via_test_command.py                                           1           0  0.11s           2026-08-20T11:12:33                      12
/workspaces/lab-2/.venv/lib/python3.12/site-packages/airflow/example_dags/example_branch_python_dop_operator_3.py                                              1           0  0.11s           2026-08-20T11:12:20                      12
/workspaces/lab-2/.venv/lib/python3.12/site-packages/airflow/example_dags/example_latest_only_with_trigger.py                                                  1           0  0.11s           2026-08-20T11:12:36                      12
/workspaces/lab-2/.venv/lib/python3.12/site-packages/airflow/example_dags/tutorial_dag.py                                                                      1           0  0.11s           2026-08-20T11:12:10                      10
/workspaces/lab-2/.venv/lib/python3.12/site-packages/airflow/example_dags/example_complex.py                                                                   1           0  0.11s           2026-08-20T11:12:21                      10
/workspaces/lab-2/.venv/lib/python3.12/site-packages/airflow/example_dags/example_branch_day_of_week_operator.py                                               1           0  0.11s           2026-08-20T11:12:22                      12
/workspaces/lab-2/.venv/lib/python3.12/site-packages/airflow/example_dags/example_short_circuit_decorator.py                                                   1           0  0.11s           2026-08-20T11:12:26                      10
/workspaces/lab-2/.venv/lib/python3.12/site-packages/airflow/example_dags/example_time_delta_sensor_async.py                                                   1           0  0.11s           2026-08-20T11:12:14                      10
/workspaces/lab-2/.venv/lib/python3.12/site-packages/airflow/example_dags/example_short_circuit_operator.py                                                    1           0  0.11s           2026-08-20T11:12:26                      10
/workspaces/lab-2/.venv/lib/python3.12/site-packages/airflow/example_dags/plugins/event_listener.py                                                            0           0  0.11s           2026-08-20T11:12:01                       3
/workspaces/lab-2/.venv/lib/python3.12/site-packages/airflow/example_dags/tutorial_objectstorage.py                                                            1           0  0.11s           2026-08-20T11:12:03                      10
/workspaces/lab-2/.venv/lib/python3.12/site-packages/airflow/example_dags/example_dynamic_task_mapping_with_no_taskflow_operators.py                           1           0  0.11s           2026-08-20T11:12:41                      10
/workspaces/lab-2/.venv/lib/python3.12/site-packages/airflow/example_dags/plugins/workday.py                                                                   0           0  0.11s           2026-08-20T11:12:00                       3
/workspaces/lab-2/.venv/lib/python3.12/site-packages/airflow/example_dags/example_sla_dag.py                                                                   1           0  0.11s           2026-08-20T11:12:11                      12
/workspaces/lab-2/.venv/lib/python3.12/site-packages/airflow/example_dags/example_branch_operator.py                                                           1           0  0.11s           2026-08-20T11:11:53                      12
/workspaces/lab-2/.venv/lib/python3.12/site-packages/airflow/example_dags/example_dag_decorator.py                                                             1           0  0.11s           2026-08-20T11:12:18                       9
/workspaces/lab-2/.venv/lib/python3.12/site-packages/airflow/example_dags/example_skip_dag.py                                                                  1           0  0.11s           2026-08-20T11:12:30                      12
/workspaces/lab-2/.venv/lib/python3.12/site-packages/airflow/example_dags/example_trigger_target_dag.py                                                        1           0  0.11s           2026-08-20T11:12:08                      10
/workspaces/lab-2/.venv/lib/python3.12/site-packages/airflow/example_dags/example_dataset_alias.py                                                             4           0  0.11s           2026-08-20T11:12:18                      27
/workspaces/lab-2/.venv/lib/python3.12/site-packages/airflow/example_dags/example_local_kubernetes_executor.py                                                 0           0  0.11s           2026-08-20T11:12:37                       3
/workspaces/lab-2/.venv/lib/python3.12/site-packages/airflow/example_dags/example_kubernetes_executor.py                                                       0           0  0.11s           2026-08-20T11:11:50                       3
/workspaces/lab-2/.venv/lib/python3.12/site-packages/airflow/example_dags/example_xcomargs.py                                                                  2           0  0.11s           2026-08-20T11:12:05                      13
/workspaces/lab-2/.venv/lib/python3.12/site-packages/airflow/example_dags/example_xcom.py                                                                      1           0  0.11s           2026-08-20T11:12:09                      12
/workspaces/lab-2/.venv/lib/python3.12/site-packages/airflow/example_dags/example_inlet_event_extra.py                                                         2           0  0.11s           2026-08-20T11:11:47                      15
/workspaces/lab-2/.venv/lib/python3.12/site-packages/airflow/example_dags/example_dataset_alias_with_no_taskflow.py                                            4           0  0.11s           2026-08-20T11:12:17                      27
/workspaces/lab-2/.venv/lib/python3.12/site-packages/airflow/example_dags/example_branch_operator_decorator.py                                                 1           0  0.11s           2026-08-20T11:11:27                      12
/workspaces/lab-2/.venv/lib/python3.12/site-packages/airflow/example_dags/example_outlet_event_extra.py                                                        3           0  0.11s           2026-08-20T11:12:38                      19
/workspaces/lab-2/.venv/lib/python3.12/site-packages/airflow/example_dags/example_setup_teardown.py                                                            1           0  0.11s           2026-08-20T11:12:28                      10
/workspaces/lab-2/.venv/lib/python3.12/site-packages/airflow/example_dags/example_sensors.py                                                                   1           0  0.11s           2026-08-20T11:12:29                      10
/workspaces/lab-2/.venv/lib/python3.12/site-packages/airflow/example_dags/example_subdag_operator.py                                                           3           0  0.10s           2026-08-20T11:12:13                      20
================================================================================
[2026-08-20T11:12:43.992+0000] {manager.py:997} INFO - 
================================================================================
DAG File Processing Stats

File Path                                                                                                                             PID    Runtime      # DAGs    # Errors  Last Runtime    Last Run               Last # of DB Queries
------------------------------------------------------------------------------------------------------------------------------------  -----  ---------  --------  ----------  --------------  -------------------  ----------------------
/workspaces/lab-2/.venv/lib/python3.12/site-packages/airflow/example_dags/example_datasets.py                                                                 10           0  0.41s           2026-08-20T11:11:56                      49
/workspaces/lab-2/.venv/lib/python3.12/site-packages/airflow/example_dags/example_dag_decorator.py                                                             1           0  0.31s           2026-08-20T11:11:59                      32
/workspaces/lab-2/.venv/lib/python3.12/site-packages/airflow/example_dags/example_dataset_alias_with_no_taskflow.py                                            4           0  0.22s           2026-08-20T11:11:58                      27
/workspaces/lab-2/.venv/lib/python3.12/site-packages/airflow/example_dags/example_trigger_controller_dag.py                                                    1           0  0.22s           2026-08-20T11:12:25                      12
/workspaces/lab-2/.venv/lib/python3.12/site-packages/airflow/example_dags/example_branch_labels.py                                                             1           0  0.21s           2026-08-20T11:12:08                      12
/workspaces/lab-2/.venv/lib/python3.12/site-packages/airflow/example_dags/example_dynamic_task_mapping.py                                                      1           0  0.21s           2026-08-20T11:11:54                      10
/workspaces/lab-2/.venv/lib/python3.12/site-packages/airflow/example_dags/example_display_name.py                                                              1           0  0.21s           2026-08-20T11:11:52                      10
/workspaces/lab-2/.venv/lib/python3.12/site-packages/airflow/example_dags/example_dataset_alias.py                                                             4           0  0.21s           2026-08-20T11:11:58                      27
/workspaces/lab-2/.venv/lib/python3.12/site-packages/airflow/example_dags/example_sla_dag.py                                                                   1           0  0.21s           2026-08-20T11:12:24                      12
/workspaces/lab-2/.venv/lib/python3.12/site-packages/airflow/example_dags/tutorial_taskflow_api.py                                                             1           0  0.21s           2026-08-20T11:12:15                      10
/workspaces/lab-2/.venv/lib/python3.12/site-packages/airflow/example_dags/example_branch_operator.py                                                           1           0  0.21s           2026-08-20T11:12:03                      34
/workspaces/lab-2/.venv/lib/python3.12/site-packages/airflow/example_dags/example_bash_decorator.py                                                            1           0  0.21s           2026-08-20T11:12:09                      32
/workspaces/lab-2/.venv/lib/python3.12/site-packages/airflow/example_dags/example_params_trigger_ui.py                                                         1           0  0.21s           2026-08-20T11:12:43                      10
/workspaces/lab-2/.venv/lib/python3.12/site-packages/airflow/example_dags/example_branch_operator_decorator.py                                                 1           0  0.21s           2026-08-20T11:12:07                      34
/workspaces/lab-2/.venv/lib/python3.12/site-packages/airflow/example_dags/example_skip_dag.py                                                                  1           0  0.13s           2026-08-20T11:12:35                      12
/workspaces/lab-2/.venv/lib/python3.12/site-packages/airflow/example_dags/example_sensors.py                                                                   1           0  0.12s           2026-08-20T11:12:34                      10
/workspaces/lab-2/.venv/lib/python3.12/site-packages/airflow/example_dags/example_python_decorator.py                                                          1           0  0.11s           2026-08-20T11:12:35                       9
/workspaces/lab-2/.venv/lib/python3.12/site-packages/airflow/example_dags/example_subdag_operator.py                                                           3           0  0.11s           2026-08-20T11:12:26                      20
/workspaces/lab-2/.venv/lib/python3.12/site-packages/airflow/example_dags/example_complex.py                                                                   1           0  0.11s           2026-08-20T11:12:01                      10
/workspaces/lab-2/.venv/lib/python3.12/site-packages/airflow/example_dags/example_short_circuit_operator.py                                                    1           0  0.11s           2026-08-20T11:12:32                      10
/workspaces/lab-2/.venv/lib/python3.12/site-packages/airflow/example_dags/example_external_task_marker_dag.py                                                  2           0  0.11s           2026-08-20T11:11:55                      13
/workspaces/lab-2/dags/etl_ingestion_dag.py                                                                                                                    0           1  0.11s           2026-08-20T11:12:09                       5
/workspaces/lab-2/.venv/lib/python3.12/site-packages/airflow/example_dags/tutorial_dag.py                                                                      1           0  0.11s           2026-08-20T11:12:23                      10
/workspaces/lab-2/.venv/lib/python3.12/site-packages/airflow/example_dags/example_branch_datetime_operator.py                                                  3           0  0.11s           2026-08-20T11:12:04                      18
/workspaces/lab-2/.venv/lib/python3.12/site-packages/airflow/example_dags/example_local_kubernetes_executor.py                                                 0           0  0.11s           2026-08-20T11:12:42                       3
/workspaces/lab-2/.venv/lib/python3.12/site-packages/airflow/example_dags/example_kubernetes_executor.py                                                       0           0  0.11s           2026-08-20T11:11:53                       3
/workspaces/lab-2/.venv/lib/python3.12/site-packages/airflow/example_dags/example_outlet_event_extra.py                                                        3           0  0.11s           2026-08-20T11:12:43                      19
/workspaces/lab-2/.venv/lib/python3.12/site-packages/airflow/example_dags/example_short_circuit_decorator.py                                                   1           0  0.11s           2026-08-20T11:12:31                      10
/workspaces/lab-2/.venv/lib/python3.12/site-packages/airflow/example_dags/plugins/event_listener.py                                                            0           0  0.11s           2026-08-20T11:12:13                       3
/workspaces/lab-2/.venv/lib/python3.12/site-packages/airflow/example_dags/example_task_group_decorator.py                                                      1           0  0.11s           2026-08-20T11:12:28                      10
/workspaces/lab-2/.venv/lib/python3.12/site-packages/airflow/example_dags/example_latest_only_with_trigger.py                                                  1           0  0.11s           2026-08-20T11:12:40                      12
/workspaces/lab-2/.venv/lib/python3.12/site-packages/airflow/example_dags/example_python_operator.py                                                           1           0  0.11s           2026-08-20T11:12:36                       9
/workspaces/lab-2/.venv/lib/python3.12/site-packages/airflow/example_dags/example_workday_timetable.py                                                         1           0  0.11s           2026-08-20T11:12:21                      12
/workspaces/lab-2/.venv/lib/python3.12/site-packages/airflow/example_dags/example_inlet_event_extra.py                                                         2           0  0.11s           2026-08-20T11:11:51                      15
/workspaces/lab-2/.venv/lib/python3.12/site-packages/airflow/example_dags/subdags/subdag.py                                                                    0           0  0.11s           2026-08-20T11:12:11                       3
/workspaces/lab-2/.venv/lib/python3.12/site-packages/airflow/example_dags/plugins/workday.py                                                                   0           0  0.11s           2026-08-20T11:12:13                       3
/workspaces/lab-2/.venv/lib/python3.12/site-packages/airflow/example_dags/example_dynamic_task_mapping_with_no_taskflow_operators.py                           1           0  0.11s           2026-08-20T11:11:50                      10
/workspaces/lab-2/.venv/lib/python3.12/site-packages/airflow/example_dags/example_xcom.py                                                                      1           0  0.11s           2026-08-20T11:12:22                      12
/workspaces/lab-2/.venv/lib/python3.12/site-packages/airflow/example_dags/example_bash_operator.py                                                             1           0  0.10s           2026-08-20T11:12:03                      12
/workspaces/lab-2/.venv/lib/python3.12/site-packages/airflow/example_dags/plugins/listener_plugin.py                                                           0           0  0.10s           2026-08-20T11:12:13                       3
/workspaces/lab-2/.venv/lib/python3.12/site-packages/airflow/example_dags/example_trigger_target_dag.py                                                        1           0  0.10s           2026-08-20T11:12:20                      10
/workspaces/lab-2/.venv/lib/python3.12/site-packages/airflow/example_dags/tutorial.py                                                                          1           0  0.10s           2026-08-20T11:12:19                      12
/workspaces/lab-2/.venv/lib/python3.12/site-packages/airflow/example_dags/plugins/decreasing_priority_weight_strategy.py                                       0           0  0.10s           2026-08-20T11:12:12                       3
/workspaces/lab-2/.venv/lib/python3.12/site-packages/airflow/example_dags/example_time_delta_sensor_async.py                                                   1           0  0.10s           2026-08-20T11:12:27                      10
/workspaces/lab-2/.venv/lib/python3.12/site-packages/airflow/example_dags/tutorial_objectstorage.py                                                            1           0  0.10s           2026-08-20T11:12:16                      10
/workspaces/lab-2/.venv/lib/python3.12/site-packages/airflow/example_dags/example_task_group.py                                                                1           0  0.10s           2026-08-20T11:12:29                      10
/workspaces/lab-2/.venv/lib/python3.12/site-packages/airflow/example_dags/example_setup_teardown.py                                                            1           0  0.10s           2026-08-20T11:12:34                      10
/workspaces/lab-2/.venv/lib/python3.12/site-packages/airflow/example_dags/tutorial_taskflow_api_virtualenv.py                                                  1           0  0.10s           2026-08-20T11:12:17                       9
/workspaces/lab-2/.venv/lib/python3.12/site-packages/airflow/example_dags/example_passing_params_via_test_command.py                                           1           0  0.10s           2026-08-20T11:12:38                      12
/workspaces/lab-2/.venv/lib/python3.12/site-packages/airflow/example_dags/example_xcomargs.py                                                                  2           0  0.10s           2026-08-20T11:12:18                      13
/workspaces/lab-2/.venv/lib/python3.12/site-packages/airflow/example_dags/example_latest_only.py                                                               1           0  0.10s           2026-08-20T11:11:48                      12
/workspaces/lab-2/.venv/lib/python3.12/site-packages/airflow/example_dags/example_sensor_decorator.py                                                          1           0  0.10s           2026-08-20T11:12:40                      10
/workspaces/lab-2/.venv/lib/python3.12/site-packages/airflow/example_dags/example_nested_branch_dag.py                                                         1           0  0.10s           2026-08-20T11:11:48                      12
/workspaces/lab-2/.venv/lib/python3.12/site-packages/airflow/example_dags/example_branch_python_dop_operator_3.py                                              1           0  0.10s           2026-08-20T11:12:00                      12
/workspaces/lab-2/.venv/lib/python3.12/site-packages/airflow/example_dags/example_branch_day_of_week_operator.py                                               1           0  0.10s           2026-08-20T11:12:05                      12
/workspaces/lab-2/.venv/lib/python3.12/site-packages/airflow/example_dags/example_setup_teardown_taskflow.py                                                   1           0  0.10s           2026-08-20T11:12:30                      10
/workspaces/lab-2/.venv/lib/python3.12/site-packages/airflow/example_dags/example_params_ui_tutorial.py                                                        1           0  0.10s           2026-08-20T11:12:39                      10
================================================================================
[2026-08-20T11:13:02.566+0000] {manager.py:483} INFO - Processing files using up to 1 processes at a time 
[2026-08-20T11:13:02.567+0000] {manager.py:484} INFO - Process each file at most once every 30 seconds
[2026-08-20T11:13:02.567+0000] {manager.py:485} INFO - Checking for new files in /workspaces/lab-2/dags every 300 seconds
[2026-08-20T11:13:02.567+0000] {manager.py:821} INFO - Searching for files in /workspaces/lab-2/dags
[2026-08-20T11:13:02.569+0000] {manager.py:824} INFO - There are 1 files in /workspaces/lab-2/dags
[2026-08-20T11:13:04.198+0000] {manager.py:997} INFO - 
================================================================================
DAG File Processing Stats

File Path                                    PID    Runtime      # DAGs    # Errors  Last Runtime    Last Run               Last # of DB Queries
-------------------------------------------  -----  ---------  --------  ----------  --------------  -------------------  ----------------------
/workspaces/lab-2/dags/etl_ingestion_dag.py                           1           0  1.44s           2026-08-20T11:13:04                      45
================================================================================
[2026-08-20T11:13:11.934+0000] {manager.py:997} INFO - 
================================================================================
DAG File Processing Stats

File Path                                                                                                                             PID    Runtime      # DAGs    # Errors  Last Runtime    Last Run               Last # of DB Queries
------------------------------------------------------------------------------------------------------------------------------------  -----  ---------  --------  ----------  --------------  -------------------  ----------------------
/workspaces/lab-2/.venv/lib/python3.12/site-packages/airflow/example_dags/example_workday_timetable.py                                                         1           0  0.73s           2026-08-20T11:13:04                      34
/workspaces/lab-2/.venv/lib/python3.12/site-packages/airflow/example_dags/example_trigger_target_dag.py                                                        1           0  0.43s           2026-08-20T11:13:03                      32
/workspaces/lab-2/.venv/lib/python3.12/site-packages/airflow/example_dags/tutorial.py                                                                          1           0  0.33s           2026-08-20T11:13:01                      12
/workspaces/lab-2/.venv/lib/python3.12/site-packages/airflow/example_dags/example_xcomargs.py                                                                  2           0  0.32s           2026-08-20T11:13:00                      13
/workspaces/lab-2/.venv/lib/python3.12/site-packages/airflow/example_dags/tutorial_dag.py                                                                      1           0  0.31s           2026-08-20T11:13:06                      32
/workspaces/lab-2/.venv/lib/python3.12/site-packages/airflow/example_dags/example_xcom.py                                                                      1           0  0.31s           2026-08-20T11:13:05                      34
/workspaces/lab-2/.venv/lib/python3.12/site-packages/airflow/example_dags/example_branch_operator_decorator.py                                                 1           0  0.31s           2026-08-20T11:12:47                      34
/workspaces/lab-2/.venv/lib/python3.12/site-packages/airflow/example_dags/tutorial_taskflow_api.py                                                             1           0  0.23s           2026-08-20T11:12:56                      10
/workspaces/lab-2/.venv/lib/python3.12/site-packages/airflow/example_dags/tutorial_objectstorage.py                                                            1           0  0.23s           2026-08-20T11:12:57                      10
/workspaces/lab-2/.venv/lib/python3.12/site-packages/airflow/example_dags/example_bash_operator.py                                                             1           0  0.22s           2026-08-20T11:11:54                      12
/workspaces/lab-2/.venv/lib/python3.12/site-packages/airflow/example_dags/tutorial_taskflow_api_virtualenv.py                                                  1           0  0.22s           2026-08-20T11:12:58                      10
/workspaces/lab-2/.venv/lib/python3.12/site-packages/airflow/example_dags/example_sensor_decorator.py                                                          1           0  0.22s           2026-08-20T11:12:35                      10
/workspaces/lab-2/.venv/lib/python3.12/site-packages/airflow/example_dags/example_external_task_marker_dag.py                                                  2           0  0.21s           2026-08-20T11:12:46                      13
/workspaces/lab-2/.venv/lib/python3.12/site-packages/airflow/example_dags/example_latest_only.py                                                               1           0  0.21s           2026-08-20T11:12:39                      12
/workspaces/lab-2/.venv/lib/python3.12/site-packages/airflow/example_dags/example_setup_teardown_taskflow.py                                                   1           0  0.21s           2026-08-20T11:12:25                      10
/workspaces/lab-2/.venv/lib/python3.12/site-packages/airflow/example_dags/example_sla_dag.py                                                                   1           0  0.21s           2026-08-20T11:13:08                      34
/workspaces/lab-2/.venv/lib/python3.12/site-packages/airflow/example_dags/example_subdag_operator.py                                                           3           0  0.21s           2026-08-20T11:13:10                      42
/workspaces/lab-2/.venv/lib/python3.12/site-packages/airflow/example_dags/example_params_ui_tutorial.py                                                        1           0  0.21s           2026-08-20T11:12:34                      10
/workspaces/lab-2/.venv/lib/python3.12/site-packages/airflow/example_dags/example_python_operator.py                                                           1           0  0.21s           2026-08-20T11:12:32                      32
/workspaces/lab-2/.venv/lib/python3.12/site-packages/airflow/example_dags/example_time_delta_sensor_async.py                                                   1           0  0.21s           2026-08-20T11:13:11                      32
/workspaces/lab-2/.venv/lib/python3.12/site-packages/airflow/example_dags/example_python_decorator.py                                                          1           0  0.21s           2026-08-20T11:12:31                      32
/workspaces/lab-2/.venv/lib/python3.12/site-packages/airflow/example_dags/example_datasets.py                                                                 10           0  0.21s           2026-08-20T11:12:16                      49
/workspaces/lab-2/.venv/lib/python3.12/site-packages/airflow/example_dags/example_trigger_controller_dag.py                                                    1           0  0.21s           2026-08-20T11:13:09                      34
/workspaces/lab-2/.venv/lib/python3.12/site-packages/airflow/example_dags/example_bash_decorator.py                                                            1           0  0.21s           2026-08-20T11:12:49                      32
/workspaces/lab-2/.venv/lib/python3.12/site-packages/airflow/example_dags/example_display_name.py                                                              1           0  0.12s           2026-08-20T11:12:43                      10
/workspaces/lab-2/.venv/lib/python3.12/site-packages/airflow/example_dags/plugins/workday.py                                                                   0           0  0.11s           2026-08-20T11:12:54                       3
/workspaces/lab-2/.venv/lib/python3.12/site-packages/airflow/example_dags/example_inlet_event_extra.py                                                         2           0  0.11s           2026-08-20T11:12:42                      15
/workspaces/lab-2/.venv/lib/python3.12/site-packages/airflow/example_dags/example_kubernetes_executor.py                                                       0           0  0.11s           2026-08-20T11:12:44                       3
/workspaces/lab-2/.venv/lib/python3.12/site-packages/airflow/example_dags/example_task_group_decorator.py                                                      1           0  0.11s           2026-08-20T11:12:22                      10
/workspaces/lab-2/.venv/lib/python3.12/site-packages/airflow/example_dags/example_nested_branch_dag.py                                                         1           0  0.11s           2026-08-20T11:12:40                      12
/workspaces/lab-2/.venv/lib/python3.12/site-packages/airflow/example_dags/example_params_trigger_ui.py                                                         1           0  0.11s           2026-08-20T11:12:38                      10
/workspaces/lab-2/.venv/lib/python3.12/site-packages/airflow/example_dags/plugins/event_listener.py                                                            0           0  0.11s           2026-08-20T11:12:55                       3
/workspaces/lab-2/.venv/lib/python3.12/site-packages/airflow/example_dags/example_task_group.py                                                                1           0  0.11s           2026-08-20T11:12:24                      10
/workspaces/lab-2/.venv/lib/python3.12/site-packages/airflow/example_dags/example_branch_datetime_operator.py                                                  3           0  0.11s           2026-08-20T11:11:55                      18
/workspaces/lab-2/.venv/lib/python3.12/site-packages/airflow/example_dags/example_passing_params_via_test_command.py                                           1           0  0.11s           2026-08-20T11:12:33                      12
/workspaces/lab-2/.venv/lib/python3.12/site-packages/airflow/example_dags/example_branch_python_dop_operator_3.py                                              1           0  0.11s           2026-08-20T11:12:20                      12
/workspaces/lab-2/.venv/lib/python3.12/site-packages/airflow/example_dags/example_latest_only_with_trigger.py                                                  1           0  0.11s           2026-08-20T11:12:36                      12
/workspaces/lab-2/.venv/lib/python3.12/site-packages/airflow/example_dags/example_complex.py                                                                   1           0  0.11s           2026-08-20T11:12:21                      10
/workspaces/lab-2/.venv/lib/python3.12/site-packages/airflow/example_dags/example_branch_day_of_week_operator.py                                               1           0  0.11s           2026-08-20T11:12:22                      12
/workspaces/lab-2/.venv/lib/python3.12/site-packages/airflow/example_dags/plugins/decreasing_priority_weight_strategy.py                                       0           0  0.11s           2026-08-20T11:12:52                       3
/workspaces/lab-2/.venv/lib/python3.12/site-packages/airflow/example_dags/example_short_circuit_decorator.py                                                   1           0  0.11s           2026-08-20T11:12:26                      10
/workspaces/lab-2/.venv/lib/python3.12/site-packages/airflow/example_dags/plugins/listener_plugin.py                                                           0           0  0.11s           2026-08-20T11:12:53                       3
/workspaces/lab-2/.venv/lib/python3.12/site-packages/airflow/example_dags/example_short_circuit_operator.py                                                    1           0  0.11s           2026-08-20T11:12:26                      10
/workspaces/lab-2/.venv/lib/python3.12/site-packages/airflow/example_dags/example_dynamic_task_mapping_with_no_taskflow_operators.py                           1           0  0.11s           2026-08-20T11:12:41                      10
/workspaces/lab-2/.venv/lib/python3.12/site-packages/airflow/example_dags/example_dynamic_task_mapping.py                                                      1           0  0.11s           2026-08-20T11:12:44                      10
/workspaces/lab-2/.venv/lib/python3.12/site-packages/airflow/example_dags/example_branch_labels.py                                                             1           0  0.11s           2026-08-20T11:12:48                      12
/workspaces/lab-2/.venv/lib/python3.12/site-packages/airflow/example_dags/example_branch_operator.py                                                           1           0  0.11s           2026-08-20T11:11:53                      12
/workspaces/lab-2/.venv/lib/python3.12/site-packages/airflow/example_dags/example_dag_decorator.py                                                             1           0  0.11s           2026-08-20T11:12:18                       9
/workspaces/lab-2/.venv/lib/python3.12/site-packages/airflow/example_dags/example_skip_dag.py                                                                  1           0  0.11s           2026-08-20T11:12:30                      12
/workspaces/lab-2/dags/etl_ingestion_dag.py                                                                                                                    0           1  0.11s           2026-08-20T11:12:49                       5
/workspaces/lab-2/.venv/lib/python3.12/site-packages/airflow/example_dags/example_dataset_alias.py                                                             4           0  0.11s           2026-08-20T11:12:18                      27
/workspaces/lab-2/.venv/lib/python3.12/site-packages/airflow/example_dags/example_local_kubernetes_executor.py                                                 0           0  0.11s           2026-08-20T11:12:37                       3
/workspaces/lab-2/.venv/lib/python3.12/site-packages/airflow/example_dags/example_dataset_alias_with_no_taskflow.py                                            4           0  0.11s           2026-08-20T11:12:17                      27
/workspaces/lab-2/.venv/lib/python3.12/site-packages/airflow/example_dags/example_outlet_event_extra.py                                                        3           0  0.11s           2026-08-20T11:12:38                      19
/workspaces/lab-2/.venv/lib/python3.12/site-packages/airflow/example_dags/subdags/subdag.py                                                                    0           0  0.11s           2026-08-20T11:12:51                       3
/workspaces/lab-2/.venv/lib/python3.12/site-packages/airflow/example_dags/example_setup_teardown.py                                                            1           0  0.11s           2026-08-20T11:12:28                      10
/workspaces/lab-2/.venv/lib/python3.12/site-packages/airflow/example_dags/example_sensors.py                                                                   1           0  0.11s           2026-08-20T11:12:29                      10
================================================================================
[2026-08-20T11:13:14.450+0000] {manager.py:997} INFO - 
================================================================================
DAG File Processing Stats

File Path                                                                                                                             PID    Runtime      # DAGs    # Errors  Last Runtime    Last Run               Last # of DB Queries
------------------------------------------------------------------------------------------------------------------------------------  -----  ---------  --------  ----------  --------------  -------------------  ----------------------
/workspaces/lab-2/.venv/lib/python3.12/site-packages/airflow/example_dags/example_branch_operator.py                                                           1           0  0.33s           2026-08-20T11:12:59                      12
/workspaces/lab-2/.venv/lib/python3.12/site-packages/airflow/example_dags/example_branch_datetime_operator.py                                                  3           0  0.33s           2026-08-20T11:13:02                      18
/workspaces/lab-2/.venv/lib/python3.12/site-packages/airflow/example_dags/example_branch_python_dop_operator_3.py                                              1           0  0.33s           2026-08-20T11:12:56                      12
/workspaces/lab-2/.venv/lib/python3.12/site-packages/airflow/example_dags/example_bash_operator.py                                                             1           0  0.33s           2026-08-20T11:13:00                      12
/workspaces/lab-2/.venv/lib/python3.12/site-packages/airflow/example_dags/example_complex.py                                                                   1           0  0.32s           2026-08-20T11:12:57                      10
/workspaces/lab-2/.venv/lib/python3.12/site-packages/airflow/example_dags/example_dataset_alias.py                                                             4           0  0.23s           2026-08-20T11:12:54                      27
/workspaces/lab-2/.venv/lib/python3.12/site-packages/airflow/example_dags/tutorial.py                                                                          1           0  0.23s           2026-08-20T11:13:13                      34
/workspaces/lab-2/.venv/lib/python3.12/site-packages/airflow/example_dags/example_trigger_controller_dag.py                                                    1           0  0.22s           2026-08-20T11:12:25                      12
/workspaces/lab-2/.venv/lib/python3.12/site-packages/airflow/example_dags/example_branch_labels.py                                                             1           0  0.21s           2026-08-20T11:12:08                      12
/workspaces/lab-2/.venv/lib/python3.12/site-packages/airflow/example_dags/example_xcomargs.py                                                                  2           0  0.21s           2026-08-20T11:13:12                      57
/workspaces/lab-2/.venv/lib/python3.12/site-packages/airflow/example_dags/tutorial_objectstorage.py                                                            1           0  0.21s           2026-08-20T11:13:10                      32
/workspaces/lab-2/.venv/lib/python3.12/site-packages/airflow/example_dags/tutorial_taskflow_api.py                                                             1           0  0.21s           2026-08-20T11:13:09                      32
/workspaces/lab-2/.venv/lib/python3.12/site-packages/airflow/example_dags/example_inlet_event_extra.py                                                         2           0  0.21s           2026-08-20T11:12:47                      15
/workspaces/lab-2/.venv/lib/python3.12/site-packages/airflow/example_dags/example_sla_dag.py                                                                   1           0  0.21s           2026-08-20T11:12:24                      12
/workspaces/lab-2/.venv/lib/python3.12/site-packages/airflow/example_dags/tutorial_taskflow_api_virtualenv.py                                                  1           0  0.21s           2026-08-20T11:13:12                      32
/workspaces/lab-2/.venv/lib/python3.12/site-packages/airflow/example_dags/example_datasets.py                                                                 10           0  0.21s           2026-08-20T11:12:52                      49
/workspaces/lab-2/.venv/lib/python3.12/site-packages/airflow/example_dags/example_bash_decorator.py                                                            1           0  0.21s           2026-08-20T11:12:09                      32
/workspaces/lab-2/.venv/lib/python3.12/site-packages/airflow/example_dags/example_params_trigger_ui.py                                                         1           0  0.21s           2026-08-20T11:12:43                      10
/workspaces/lab-2/.venv/lib/python3.12/site-packages/airflow/example_dags/example_branch_operator_decorator.py                                                 1           0  0.21s           2026-08-20T11:12:07                      34
/workspaces/lab-2/dags/etl_ingestion_dag.py                                                                                                                    0           1  0.14s           2026-08-20T11:13:03                       5
/workspaces/lab-2/.venv/lib/python3.12/site-packages/airflow/example_dags/example_skip_dag.py                                                                  1           0  0.13s           2026-08-20T11:12:35                      12
/workspaces/lab-2/.venv/lib/python3.12/site-packages/airflow/example_dags/example_sensors.py                                                                   1           0  0.12s           2026-08-20T11:12:34                      10
/workspaces/lab-2/.venv/lib/python3.12/site-packages/airflow/example_dags/plugins/decreasing_priority_weight_strategy.py                                       0           0  0.12s           2026-08-20T11:13:04                       3
/workspaces/lab-2/.venv/lib/python3.12/site-packages/airflow/example_dags/example_nested_branch_dag.py                                                         1           0  0.11s           2026-08-20T11:12:45                      12
/workspaces/lab-2/.venv/lib/python3.12/site-packages/airflow/example_dags/example_latest_only.py                                                               1           0  0.11s           2026-08-20T11:12:44                      12
/workspaces/lab-2/.venv/lib/python3.12/site-packages/airflow/example_dags/plugins/listener_plugin.py                                                           0           0  0.11s           2026-08-20T11:13:06                       3
/workspaces/lab-2/.venv/lib/python3.12/site-packages/airflow/example_dags/example_dynamic_task_mapping_with_no_taskflow_operators.py                           1           0  0.11s           2026-08-20T11:12:46                      10
/workspaces/lab-2/.venv/lib/python3.12/site-packages/airflow/example_dags/example_python_decorator.py                                                          1           0  0.11s           2026-08-20T11:12:35                       9
/workspaces/lab-2/.venv/lib/python3.12/site-packages/airflow/example_dags/example_dag_decorator.py                                                             1           0  0.11s           2026-08-20T11:12:55                      10
/workspaces/lab-2/.venv/lib/python3.12/site-packages/airflow/example_dags/example_subdag_operator.py                                                           3           0  0.11s           2026-08-20T11:12:26                      20
/workspaces/lab-2/.venv/lib/python3.12/site-packages/airflow/example_dags/example_short_circuit_operator.py                                                    1           0  0.11s           2026-08-20T11:12:32                      10
/workspaces/lab-2/.venv/lib/python3.12/site-packages/airflow/example_dags/example_trigger_target_dag.py                                                        1           0  0.11s           2026-08-20T11:13:14                       9
/workspaces/lab-2/.venv/lib/python3.12/site-packages/airflow/example_dags/plugins/workday.py                                                                   0           0  0.11s           2026-08-20T11:13:07                       3
/workspaces/lab-2/.venv/lib/python3.12/site-packages/airflow/example_dags/subdags/subdag.py                                                                    0           0  0.11s           2026-08-20T11:13:04                       3
/workspaces/lab-2/.venv/lib/python3.12/site-packages/airflow/example_dags/tutorial_dag.py                                                                      1           0  0.11s           2026-08-20T11:12:23                      10
/workspaces/lab-2/.venv/lib/python3.12/site-packages/airflow/example_dags/example_local_kubernetes_executor.py                                                 0           0  0.11s           2026-08-20T11:12:42                       3
/workspaces/lab-2/.venv/lib/python3.12/site-packages/airflow/example_dags/example_outlet_event_extra.py                                                        3           0  0.11s           2026-08-20T11:12:43                      19
/workspaces/lab-2/.venv/lib/python3.12/site-packages/airflow/example_dags/plugins/event_listener.py                                                            0           0  0.11s           2026-08-20T11:13:08                       3
/workspaces/lab-2/.venv/lib/python3.12/site-packages/airflow/example_dags/example_short_circuit_decorator.py                                                   1           0  0.11s           2026-08-20T11:12:31                      10
/workspaces/lab-2/.venv/lib/python3.12/site-packages/airflow/example_dags/example_dataset_alias_with_no_taskflow.py                                            4           0  0.11s           2026-08-20T11:12:53                      27
/workspaces/lab-2/.venv/lib/python3.12/site-packages/airflow/example_dags/example_task_group_decorator.py                                                      1           0  0.11s           2026-08-20T11:12:28                      10
/workspaces/lab-2/.venv/lib/python3.12/site-packages/airflow/example_dags/example_latest_only_with_trigger.py                                                  1           0  0.11s           2026-08-20T11:12:40                      12
/workspaces/lab-2/.venv/lib/python3.12/site-packages/airflow/example_dags/example_python_operator.py                                                           1           0  0.11s           2026-08-20T11:12:36                       9
/workspaces/lab-2/.venv/lib/python3.12/site-packages/airflow/example_dags/example_workday_timetable.py                                                         1           0  0.11s           2026-08-20T11:12:21                      12
/workspaces/lab-2/.venv/lib/python3.12/site-packages/airflow/example_dags/example_kubernetes_executor.py                                                       0           0  0.11s           2026-08-20T11:12:49                       3
/workspaces/lab-2/.venv/lib/python3.12/site-packages/airflow/example_dags/example_display_name.py                                                              1           0  0.11s           2026-08-20T11:12:48                      10
/workspaces/lab-2/.venv/lib/python3.12/site-packages/airflow/example_dags/example_xcom.py                                                                      1           0  0.11s           2026-08-20T11:12:22                      12
/workspaces/lab-2/.venv/lib/python3.12/site-packages/airflow/example_dags/example_time_delta_sensor_async.py                                                   1           0  0.10s           2026-08-20T11:12:27                      10
/workspaces/lab-2/.venv/lib/python3.12/site-packages/airflow/example_dags/example_external_task_marker_dag.py                                                  2           0  0.10s           2026-08-20T11:12:51                      13
/workspaces/lab-2/.venv/lib/python3.12/site-packages/airflow/example_dags/example_task_group.py                                                                1           0  0.10s           2026-08-20T11:12:29                      10
/workspaces/lab-2/.venv/lib/python3.12/site-packages/airflow/example_dags/example_dynamic_task_mapping.py                                                      1           0  0.10s           2026-08-20T11:12:50                      10
/workspaces/lab-2/.venv/lib/python3.12/site-packages/airflow/example_dags/example_setup_teardown.py                                                            1           0  0.10s           2026-08-20T11:12:34                      10
/workspaces/lab-2/.venv/lib/python3.12/site-packages/airflow/example_dags/example_passing_params_via_test_command.py                                           1           0  0.10s           2026-08-20T11:12:38                      12
/workspaces/lab-2/.venv/lib/python3.12/site-packages/airflow/example_dags/example_sensor_decorator.py                                                          1           0  0.10s           2026-08-20T11:12:40                      10
/workspaces/lab-2/.venv/lib/python3.12/site-packages/airflow/example_dags/example_branch_day_of_week_operator.py                                               1           0  0.10s           2026-08-20T11:12:05                      12
/workspaces/lab-2/.venv/lib/python3.12/site-packages/airflow/example_dags/example_setup_teardown_taskflow.py                                                   1           0  0.10s           2026-08-20T11:12:30                      10
/workspaces/lab-2/.venv/lib/python3.12/site-packages/airflow/example_dags/example_params_ui_tutorial.py                                                        1           0  0.10s           2026-08-20T11:12:39                      10
================================================================================
[2026-08-20T11:13:35.501+0000] {manager.py:997} INFO - 
================================================================================
DAG File Processing Stats

File Path                                    PID    Runtime      # DAGs    # Errors  Last Runtime    Last Run               Last # of DB Queries
-------------------------------------------  -----  ---------  --------  ----------  --------------  -------------------  ----------------------
/workspaces/lab-2/dags/etl_ingestion_dag.py                           1           0  0.64s           2026-08-20T11:13:35                      12
================================================================================
[2026-08-20T11:13:42.235+0000] {manager.py:997} INFO - 
================================================================================
DAG File Processing Stats

File Path                                                                                                                             PID    Runtime      # DAGs    # Errors  Last Runtime    Last Run               Last # of DB Queries
------------------------------------------------------------------------------------------------------------------------------------  -----  ---------  --------  ----------  --------------  -------------------  ----------------------
/workspaces/lab-2/.venv/lib/python3.12/site-packages/airflow/example_dags/example_workday_timetable.py                                                         1           0  0.73s           2026-08-20T11:13:04                      34
/workspaces/lab-2/.venv/lib/python3.12/site-packages/airflow/example_dags/example_outlet_event_extra.py                                                        3           0  0.61s           2026-08-20T11:13:38                      85
/workspaces/lab-2/.venv/lib/python3.12/site-packages/airflow/example_dags/example_trigger_target_dag.py                                                        1           0  0.43s           2026-08-20T11:13:03                      32
/workspaces/lab-2/.venv/lib/python3.12/site-packages/airflow/example_dags/tutorial.py                                                                          1           0  0.33s           2026-08-20T11:13:01                      12
/workspaces/lab-2/.venv/lib/python3.12/site-packages/airflow/example_dags/example_latest_only.py                                                               1           0  0.32s           2026-08-20T11:13:40                      34
/workspaces/lab-2/.venv/lib/python3.12/site-packages/airflow/example_dags/example_xcomargs.py                                                                  2           0  0.32s           2026-08-20T11:13:00                      13
/workspaces/lab-2/.venv/lib/python3.12/site-packages/airflow/example_dags/example_sensor_decorator.py                                                          1           0  0.32s           2026-08-20T11:13:34                      32
/workspaces/lab-2/.venv/lib/python3.12/site-packages/airflow/example_dags/tutorial_dag.py                                                                      1           0  0.31s           2026-08-20T11:13:06                      32
/workspaces/lab-2/.venv/lib/python3.12/site-packages/airflow/example_dags/example_dag_decorator.py                                                             1           0  0.31s           2026-08-20T11:13:15                      32
/workspaces/lab-2/.venv/lib/python3.12/site-packages/airflow/example_dags/example_xcom.py                                                                      1           0  0.31s           2026-08-20T11:13:05                      34
/workspaces/lab-2/.venv/lib/python3.12/site-packages/airflow/example_dags/example_datasets.py                                                                 10           0  0.31s           2026-08-20T11:13:12                     269
/workspaces/lab-2/.venv/lib/python3.12/site-packages/airflow/example_dags/example_dataset_alias_with_no_taskflow.py                                            4           0  0.31s           2026-08-20T11:13:14                     115
/workspaces/lab-2/.venv/lib/python3.12/site-packages/airflow/example_dags/example_latest_only_with_trigger.py                                                  1           0  0.31s           2026-08-20T11:13:35                      34
/workspaces/lab-2/.venv/lib/python3.12/site-packages/airflow/example_dags/example_branch_operator_decorator.py                                                 1           0  0.31s           2026-08-20T11:12:47                      34
/workspaces/lab-2/.venv/lib/python3.12/site-packages/airflow/example_dags/example_task_group_decorator.py                                                      1           0  0.31s           2026-08-20T11:13:21                      32
/workspaces/lab-2/.venv/lib/python3.12/site-packages/airflow/example_dags/example_dataset_alias.py                                                             4           0  0.31s           2026-08-20T11:13:14                     115
/workspaces/lab-2/.venv/lib/python3.12/site-packages/airflow/example_dags/tutorial_taskflow_api.py                                                             1           0  0.23s           2026-08-20T11:12:56                      10
/workspaces/lab-2/.venv/lib/python3.12/site-packages/airflow/example_dags/tutorial_objectstorage.py                                                            1           0  0.23s           2026-08-20T11:12:57                      10
/workspaces/lab-2/.venv/lib/python3.12/site-packages/airflow/example_dags/example_branch_datetime_operator.py                                                  3           0  0.22s           2026-08-20T11:13:19                      84
/workspaces/lab-2/.venv/lib/python3.12/site-packages/airflow/example_dags/example_sensors.py                                                                   1           0  0.22s           2026-08-20T11:13:27                      32
/workspaces/lab-2/.venv/lib/python3.12/site-packages/airflow/example_dags/tutorial_taskflow_api_virtualenv.py                                                  1           0  0.22s           2026-08-20T11:12:58                      10
/workspaces/lab-2/.venv/lib/python3.12/site-packages/airflow/example_dags/example_nested_branch_dag.py                                                         1           0  0.22s           2026-08-20T11:13:41                      34
/workspaces/lab-2/.venv/lib/python3.12/site-packages/airflow/example_dags/example_branch_operator.py                                                           1           0  0.21s           2026-08-20T11:13:17                      34
/workspaces/lab-2/.venv/lib/python3.12/site-packages/airflow/example_dags/example_external_task_marker_dag.py                                                  2           0  0.21s           2026-08-20T11:12:46                      13
/workspaces/lab-2/.venv/lib/python3.12/site-packages/airflow/example_dags/example_python_decorator.py                                                          1           0  0.21s           2026-08-20T11:13:29                      32
/workspaces/lab-2/.venv/lib/python3.12/site-packages/airflow/example_dags/example_dynamic_task_mapping_with_no_taskflow_operators.py                           1           0  0.21s           2026-08-20T11:13:42                      32
/workspaces/lab-2/.venv/lib/python3.12/site-packages/airflow/example_dags/example_setup_teardown.py                                                            1           0  0.21s           2026-08-20T11:13:26                      32
/workspaces/lab-2/.venv/lib/python3.12/site-packages/airflow/example_dags/example_params_ui_tutorial.py                                                        1           0  0.21s           2026-08-20T11:13:32                      32
/workspaces/lab-2/.venv/lib/python3.12/site-packages/airflow/example_dags/example_sla_dag.py                                                                   1           0  0.21s           2026-08-20T11:13:08                      34
/workspaces/lab-2/.venv/lib/python3.12/site-packages/airflow/example_dags/example_skip_dag.py                                                                  1           0  0.21s           2026-08-20T11:13:28                      34
/workspaces/lab-2/.venv/lib/python3.12/site-packages/airflow/example_dags/example_subdag_operator.py                                                           3           0  0.21s           2026-08-20T11:13:10                      42
/workspaces/lab-2/.venv/lib/python3.12/site-packages/airflow/example_dags/example_task_group.py                                                                1           0  0.21s           2026-08-20T11:13:22                      32
/workspaces/lab-2/.venv/lib/python3.12/site-packages/airflow/example_dags/example_short_circuit_decorator.py                                                   1           0  0.21s           2026-08-20T11:13:24                      32
/workspaces/lab-2/.venv/lib/python3.12/site-packages/airflow/example_dags/example_setup_teardown_taskflow.py                                                   1           0  0.21s           2026-08-20T11:13:23                      32
/workspaces/lab-2/.venv/lib/python3.12/site-packages/airflow/example_dags/example_python_operator.py                                                           1           0  0.21s           2026-08-20T11:13:30                      32
/workspaces/lab-2/.venv/lib/python3.12/site-packages/airflow/example_dags/example_time_delta_sensor_async.py                                                   1           0  0.21s           2026-08-20T11:13:11                      32
/workspaces/lab-2/.venv/lib/python3.12/site-packages/airflow/example_dags/example_bash_operator.py                                                             1           0  0.21s           2026-08-20T11:13:18                      34
/workspaces/lab-2/.venv/lib/python3.12/site-packages/airflow/example_dags/example_params_trigger_ui.py                                                         1           0  0.21s           2026-08-20T11:13:36                      32
/workspaces/lab-2/.venv/lib/python3.12/site-packages/airflow/example_dags/example_trigger_controller_dag.py                                                    1           0  0.21s           2026-08-20T11:13:09                      34
/workspaces/lab-2/.venv/lib/python3.12/site-packages/airflow/example_dags/example_passing_params_via_test_command.py                                           1           0  0.21s           2026-08-20T11:13:31                      34
/workspaces/lab-2/.venv/lib/python3.12/site-packages/airflow/example_dags/example_bash_decorator.py                                                            1           0  0.21s           2026-08-20T11:12:49                      32
/workspaces/lab-2/.venv/lib/python3.12/site-packages/airflow/example_dags/example_display_name.py                                                              1           0  0.12s           2026-08-20T11:12:43                      10
/workspaces/lab-2/.venv/lib/python3.12/site-packages/airflow/example_dags/plugins/workday.py                                                                   0           0  0.11s           2026-08-20T11:12:54                       3
/workspaces/lab-2/.venv/lib/python3.12/site-packages/airflow/example_dags/example_inlet_event_extra.py                                                         2           0  0.11s           2026-08-20T11:12:42                      15
/workspaces/lab-2/.venv/lib/python3.12/site-packages/airflow/example_dags/example_kubernetes_executor.py                                                       0           0  0.11s           2026-08-20T11:12:44                       3
/workspaces/lab-2/.venv/lib/python3.12/site-packages/airflow/example_dags/plugins/event_listener.py                                                            0           0  0.11s           2026-08-20T11:12:55                       3
/workspaces/lab-2/.venv/lib/python3.12/site-packages/airflow/example_dags/example_local_kubernetes_executor.py                                                 0           0  0.11s           2026-08-20T11:13:36                       3
/workspaces/lab-2/dags/etl_ingestion_dag.py                                                                                                                    0           1  0.11s           2026-08-20T11:13:20                       3
/workspaces/lab-2/.venv/lib/python3.12/site-packages/airflow/example_dags/example_branch_python_dop_operator_3.py                                              1           0  0.11s           2026-08-20T11:12:20                      12
/workspaces/lab-2/.venv/lib/python3.12/site-packages/airflow/example_dags/example_complex.py                                                                   1           0  0.11s           2026-08-20T11:12:21                      10
/workspaces/lab-2/.venv/lib/python3.12/site-packages/airflow/example_dags/example_branch_day_of_week_operator.py                                               1           0  0.11s           2026-08-20T11:12:22                      12
/workspaces/lab-2/.venv/lib/python3.12/site-packages/airflow/example_dags/plugins/decreasing_priority_weight_strategy.py                                       0           0  0.11s           2026-08-20T11:12:52                       3
/workspaces/lab-2/.venv/lib/python3.12/site-packages/airflow/example_dags/plugins/listener_plugin.py                                                           0           0  0.11s           2026-08-20T11:12:53                       3
/workspaces/lab-2/.venv/lib/python3.12/site-packages/airflow/example_dags/example_dynamic_task_mapping.py                                                      1           0  0.11s           2026-08-20T11:12:44                      10
/workspaces/lab-2/.venv/lib/python3.12/site-packages/airflow/example_dags/example_branch_labels.py                                                             1           0  0.11s           2026-08-20T11:12:48                      12
/workspaces/lab-2/.venv/lib/python3.12/site-packages/airflow/example_dags/example_short_circuit_operator.py                                                    1           0  0.11s           2026-08-20T11:13:25                       9
/workspaces/lab-2/.venv/lib/python3.12/site-packages/airflow/example_dags/subdags/subdag.py                                                                    0           0  0.11s           2026-08-20T11:12:51                       3
================================================================================
[2026-08-20T11:13:44.835+0000] {manager.py:997} INFO - 
================================================================================
DAG File Processing Stats

File Path                                                                                                                             PID    Runtime      # DAGs    # Errors  Last Runtime    Last Run               Last # of DB Queries
------------------------------------------------------------------------------------------------------------------------------------  -----  ---------  --------  ----------  --------------  -------------------  ----------------------
/workspaces/lab-2/.venv/lib/python3.12/site-packages/airflow/example_dags/example_sensor_decorator.py                                                          1           0  0.42s           2026-08-20T11:13:38                       9
/workspaces/lab-2/.venv/lib/python3.12/site-packages/airflow/example_dags/example_branch_operator.py                                                           1           0  0.33s           2026-08-20T11:12:59                      12
/workspaces/lab-2/.venv/lib/python3.12/site-packages/airflow/example_dags/example_branch_datetime_operator.py                                                  3           0  0.33s           2026-08-20T11:13:02                      18
/workspaces/lab-2/.venv/lib/python3.12/site-packages/airflow/example_dags/example_branch_python_dop_operator_3.py                                              1           0  0.33s           2026-08-20T11:12:56                      12
/workspaces/lab-2/.venv/lib/python3.12/site-packages/airflow/example_dags/example_bash_operator.py                                                             1           0  0.33s           2026-08-20T11:13:00                      12
/workspaces/lab-2/.venv/lib/python3.12/site-packages/airflow/example_dags/example_complex.py                                                                   1           0  0.32s           2026-08-20T11:12:57                      10
/workspaces/lab-2/.venv/lib/python3.12/site-packages/airflow/example_dags/example_branch_operator_decorator.py                                                 1           0  0.31s           2026-08-20T11:13:27                      34
/workspaces/lab-2/.venv/lib/python3.12/site-packages/airflow/example_dags/example_dataset_alias.py                                                             4           0  0.23s           2026-08-20T11:12:54                      27
/workspaces/lab-2/.venv/lib/python3.12/site-packages/airflow/example_dags/tutorial.py                                                                          1           0  0.23s           2026-08-20T11:13:13                      34
/workspaces/lab-2/.venv/lib/python3.12/site-packages/airflow/example_dags/example_python_operator.py                                                           1           0  0.22s           2026-08-20T11:13:35                       9
/workspaces/lab-2/.venv/lib/python3.12/site-packages/airflow/example_dags/example_branch_labels.py                                                             1           0  0.22s           2026-08-20T11:13:29                      34
/workspaces/lab-2/.venv/lib/python3.12/site-packages/airflow/example_dags/example_branch_day_of_week_operator.py                                               1           0  0.21s           2026-08-20T11:13:26                      34
/workspaces/lab-2/.venv/lib/python3.12/site-packages/airflow/example_dags/example_python_decorator.py                                                          1           0  0.21s           2026-08-20T11:13:34                       9
/workspaces/lab-2/.venv/lib/python3.12/site-packages/airflow/example_dags/example_latest_only_with_trigger.py                                                  1           0  0.21s           2026-08-20T11:13:39                      11
/workspaces/lab-2/.venv/lib/python3.12/site-packages/airflow/example_dags/example_xcomargs.py                                                                  2           0  0.21s           2026-08-20T11:13:12                      57
/workspaces/lab-2/.venv/lib/python3.12/site-packages/airflow/example_dags/tutorial_objectstorage.py                                                            1           0  0.21s           2026-08-20T11:13:10                      32
/workspaces/lab-2/.venv/lib/python3.12/site-packages/airflow/example_dags/tutorial_taskflow_api.py                                                             1           0  0.21s           2026-08-20T11:13:09                      32
/workspaces/lab-2/.venv/lib/python3.12/site-packages/airflow/example_dags/example_inlet_event_extra.py                                                         2           0  0.21s           2026-08-20T11:12:47                      15
/workspaces/lab-2/.venv/lib/python3.12/site-packages/airflow/example_dags/tutorial_taskflow_api_virtualenv.py                                                  1           0  0.21s           2026-08-20T11:13:12                      32
/workspaces/lab-2/.venv/lib/python3.12/site-packages/airflow/example_dags/example_bash_decorator.py                                                            1           0  0.21s           2026-08-20T11:13:29                      32
/workspaces/lab-2/.venv/lib/python3.12/site-packages/airflow/example_dags/example_datasets.py                                                                 10           0  0.21s           2026-08-20T11:12:52                      49
/workspaces/lab-2/.venv/lib/python3.12/site-packages/airflow/example_dags/example_short_circuit_operator.py                                                    1           0  0.21s           2026-08-20T11:13:25                      32
/workspaces/lab-2/dags/etl_ingestion_dag.py                                                                                                                    0           1  0.14s           2026-08-20T11:13:03                       5
/workspaces/lab-2/.venv/lib/python3.12/site-packages/airflow/example_dags/example_time_delta_sensor_async.py                                                   1           0  0.12s           2026-08-20T11:13:21                       9
/workspaces/lab-2/.venv/lib/python3.12/site-packages/airflow/example_dags/plugins/decreasing_priority_weight_strategy.py                                       0           0  0.12s           2026-08-20T11:13:04                       3
/workspaces/lab-2/.venv/lib/python3.12/site-packages/airflow/example_dags/plugins/listener_plugin.py                                                           0           0  0.11s           2026-08-20T11:13:06                       3
/workspaces/lab-2/.venv/lib/python3.12/site-packages/airflow/example_dags/example_dynamic_task_mapping_with_no_taskflow_operators.py                           1           0  0.11s           2026-08-20T11:12:46                      10
/workspaces/lab-2/.venv/lib/python3.12/site-packages/airflow/example_dags/example_dag_decorator.py                                                             1           0  0.11s           2026-08-20T11:12:55                      10
/workspaces/lab-2/.venv/lib/python3.12/site-packages/airflow/example_dags/example_outlet_event_extra.py                                                        3           0  0.11s           2026-08-20T11:13:43                      16
/workspaces/lab-2/.venv/lib/python3.12/site-packages/airflow/example_dags/example_params_trigger_ui.py                                                         1           0  0.11s           2026-08-20T11:13:42                       9
/workspaces/lab-2/.venv/lib/python3.12/site-packages/airflow/example_dags/example_local_kubernetes_executor.py                                                 0           0  0.11s           2026-08-20T11:13:41                       3
/workspaces/lab-2/.venv/lib/python3.12/site-packages/airflow/example_dags/tutorial_dag.py                                                                      1           0  0.11s           2026-08-20T11:13:17                       9
/workspaces/lab-2/.venv/lib/python3.12/site-packages/airflow/example_dags/example_passing_params_via_test_command.py                                           1           0  0.11s           2026-08-20T11:13:36                      11
/workspaces/lab-2/.venv/lib/python3.12/site-packages/airflow/example_dags/example_trigger_target_dag.py                                                        1           0  0.11s           2026-08-20T11:13:14                       9
/workspaces/lab-2/.venv/lib/python3.12/site-packages/airflow/example_dags/example_task_group.py                                                                1           0  0.11s           2026-08-20T11:13:22                       9
/workspaces/lab-2/.venv/lib/python3.12/site-packages/airflow/example_dags/plugins/workday.py                                                                   0           0  0.11s           2026-08-20T11:13:07                       3
/workspaces/lab-2/.venv/lib/python3.12/site-packages/airflow/example_dags/subdags/subdag.py                                                                    0           0  0.11s           2026-08-20T11:13:04                       3
/workspaces/lab-2/.venv/lib/python3.12/site-packages/airflow/example_dags/example_skip_dag.py                                                                  1           0  0.11s           2026-08-20T11:13:33                      11
/workspaces/lab-2/.venv/lib/python3.12/site-packages/airflow/example_dags/plugins/event_listener.py                                                            0           0  0.11s           2026-08-20T11:13:08                       3
/workspaces/lab-2/.venv/lib/python3.12/site-packages/airflow/example_dags/example_setup_teardown_taskflow.py                                                   1           0  0.11s           2026-08-20T11:13:23                       9
/workspaces/lab-2/.venv/lib/python3.12/site-packages/airflow/example_dags/example_dataset_alias_with_no_taskflow.py                                            4           0  0.11s           2026-08-20T11:12:53                      27
/workspaces/lab-2/.venv/lib/python3.12/site-packages/airflow/example_dags/example_sensors.py                                                                   1           0  0.11s           2026-08-20T11:13:31                       9
/workspaces/lab-2/.venv/lib/python3.12/site-packages/airflow/example_dags/example_params_ui_tutorial.py                                                        1           0  0.11s           2026-08-20T11:13:37                       9
/workspaces/lab-2/.venv/lib/python3.12/site-packages/airflow/example_dags/example_kubernetes_executor.py                                                       0           0  0.11s           2026-08-20T11:12:49                       3
/workspaces/lab-2/.venv/lib/python3.12/site-packages/airflow/example_dags/example_setup_teardown.py                                                            1           0  0.11s           2026-08-20T11:13:30                       9
/workspaces/lab-2/.venv/lib/python3.12/site-packages/airflow/example_dags/example_nested_branch_dag.py                                                         1           0  0.11s           2026-08-20T11:13:44                      11
/workspaces/lab-2/.venv/lib/python3.12/site-packages/airflow/example_dags/example_task_group_decorator.py                                                      1           0  0.11s           2026-08-20T11:13:22                       9
/workspaces/lab-2/.venv/lib/python3.12/site-packages/airflow/example_dags/example_latest_only.py                                                               1           0  0.11s           2026-08-20T11:13:43                      11
/workspaces/lab-2/.venv/lib/python3.12/site-packages/airflow/example_dags/example_display_name.py                                                              1           0  0.11s           2026-08-20T11:12:48                      10
/workspaces/lab-2/.venv/lib/python3.12/site-packages/airflow/example_dags/example_short_circuit_decorator.py                                                   1           0  0.11s           2026-08-20T11:13:25                       9
/workspaces/lab-2/.venv/lib/python3.12/site-packages/airflow/example_dags/example_workday_timetable.py                                                         1           0  0.11s           2026-08-20T11:13:15                      11
/workspaces/lab-2/.venv/lib/python3.12/site-packages/airflow/example_dags/example_sla_dag.py                                                                   1           0  0.11s           2026-08-20T11:13:17                      11
/workspaces/lab-2/.venv/lib/python3.12/site-packages/airflow/example_dags/example_xcom.py                                                                      1           0  0.11s           2026-08-20T11:13:16                      11
/workspaces/lab-2/.venv/lib/python3.12/site-packages/airflow/example_dags/example_trigger_controller_dag.py                                                    1           0  0.10s           2026-08-20T11:13:18                      11
/workspaces/lab-2/.venv/lib/python3.12/site-packages/airflow/example_dags/example_subdag_operator.py                                                           3           0  0.10s           2026-08-20T11:13:19                      19
/workspaces/lab-2/.venv/lib/python3.12/site-packages/airflow/example_dags/example_external_task_marker_dag.py                                                  2           0  0.10s           2026-08-20T11:12:51                      13
/workspaces/lab-2/.venv/lib/python3.12/site-packages/airflow/example_dags/example_dynamic_task_mapping.py                                                      1           0  0.10s           2026-08-20T11:12:50                      10
================================================================================
[2026-08-20T11:14:06.798+0000] {manager.py:997} INFO - 
================================================================================
DAG File Processing Stats

File Path                                    PID    Runtime      # DAGs    # Errors  Last Runtime    Last Run               Last # of DB Queries
-------------------------------------------  -----  ---------  --------  ----------  --------------  -------------------  ----------------------
/workspaces/lab-2/dags/etl_ingestion_dag.py                           1           0  0.61s           2026-08-20T11:14:06                      12
================================================================================
[2026-08-20T11:14:12.849+0000] {manager.py:997} INFO - 
================================================================================
DAG File Processing Stats

File Path                                                                                                                             PID    Runtime      # DAGs    # Errors  Last Runtime    Last Run               Last # of DB Queries
------------------------------------------------------------------------------------------------------------------------------------  -----  ---------  --------  ----------  --------------  -------------------  ----------------------
/workspaces/lab-2/.venv/lib/python3.12/site-packages/airflow/example_dags/example_outlet_event_extra.py                                                        3           0  0.61s           2026-08-20T11:13:38                      85
/workspaces/lab-2/.venv/lib/python3.12/site-packages/airflow/example_dags/example_branch_python_dop_operator_3.py                                              1           0  0.51s           2026-08-20T11:13:49                      34
/workspaces/lab-2/.venv/lib/python3.12/site-packages/airflow/example_dags/example_dynamic_task_mapping.py                                                      1           0  0.41s           2026-08-20T11:13:46                      32
/workspaces/lab-2/.venv/lib/python3.12/site-packages/airflow/example_dags/example_external_task_marker_dag.py                                                  2           0  0.41s           2026-08-20T11:13:47                      57
/workspaces/lab-2/.venv/lib/python3.12/site-packages/airflow/example_dags/example_latest_only.py                                                               1           0  0.32s           2026-08-20T11:13:40                      34
/workspaces/lab-2/.venv/lib/python3.12/site-packages/airflow/example_dags/example_sensor_decorator.py                                                          1           0  0.32s           2026-08-20T11:13:34                      32
/workspaces/lab-2/.venv/lib/python3.12/site-packages/airflow/example_dags/example_dag_decorator.py                                                             1           0  0.31s           2026-08-20T11:13:15                      32
/workspaces/lab-2/.venv/lib/python3.12/site-packages/airflow/example_dags/example_datasets.py                                                                 10           0  0.31s           2026-08-20T11:13:12                     269
/workspaces/lab-2/.venv/lib/python3.12/site-packages/airflow/example_dags/example_dataset_alias_with_no_taskflow.py                                            4           0  0.31s           2026-08-20T11:13:14                     115
/workspaces/lab-2/.venv/lib/python3.12/site-packages/airflow/example_dags/example_latest_only_with_trigger.py                                                  1           0  0.31s           2026-08-20T11:13:35                      34
/workspaces/lab-2/.venv/lib/python3.12/site-packages/airflow/example_dags/example_task_group_decorator.py                                                      1           0  0.31s           2026-08-20T11:13:21                      32
/workspaces/lab-2/.venv/lib/python3.12/site-packages/airflow/example_dags/example_dataset_alias.py                                                             4           0  0.31s           2026-08-20T11:13:14                     115
/workspaces/lab-2/.venv/lib/python3.12/site-packages/airflow/example_dags/example_branch_datetime_operator.py                                                  3           0  0.22s           2026-08-20T11:13:19                      84
/workspaces/lab-2/.venv/lib/python3.12/site-packages/airflow/example_dags/example_sensors.py                                                                   1           0  0.22s           2026-08-20T11:13:27                      32
/workspaces/lab-2/.venv/lib/python3.12/site-packages/airflow/example_dags/example_nested_branch_dag.py                                                         1           0  0.22s           2026-08-20T11:13:41                      34
/workspaces/lab-2/.venv/lib/python3.12/site-packages/airflow/example_dags/example_branch_operator.py                                                           1           0  0.21s           2026-08-20T11:13:17                      34
/workspaces/lab-2/.venv/lib/python3.12/site-packages/airflow/example_dags/example_display_name.py                                                              1           0  0.21s           2026-08-20T11:13:44                      32
/workspaces/lab-2/.venv/lib/python3.12/site-packages/airflow/example_dags/example_workday_timetable.py                                                         1           0  0.21s           2026-08-20T11:14:06                      12
/workspaces/lab-2/.venv/lib/python3.12/site-packages/airflow/example_dags/example_python_decorator.py                                                          1           0  0.21s           2026-08-20T11:13:29                      32
/workspaces/lab-2/.venv/lib/python3.12/site-packages/airflow/example_dags/example_dynamic_task_mapping_with_no_taskflow_operators.py                           1           0  0.21s           2026-08-20T11:13:42                      32
/workspaces/lab-2/.venv/lib/python3.12/site-packages/airflow/example_dags/example_setup_teardown.py                                                            1           0  0.21s           2026-08-20T11:13:26                      32
/workspaces/lab-2/.venv/lib/python3.12/site-packages/airflow/example_dags/example_params_ui_tutorial.py                                                        1           0  0.21s           2026-08-20T11:13:32                      32
/workspaces/lab-2/.venv/lib/python3.12/site-packages/airflow/example_dags/example_skip_dag.py                                                                  1           0  0.21s           2026-08-20T11:13:28                      34
/workspaces/lab-2/.venv/lib/python3.12/site-packages/airflow/example_dags/example_xcom.py                                                                      1           0  0.21s           2026-08-20T11:14:08                      12
/workspaces/lab-2/.venv/lib/python3.12/site-packages/airflow/example_dags/example_task_group.py                                                                1           0  0.21s           2026-08-20T11:13:22                      32
/workspaces/lab-2/.venv/lib/python3.12/site-packages/airflow/example_dags/example_short_circuit_decorator.py                                                   1           0  0.21s           2026-08-20T11:13:24                      32
/workspaces/lab-2/.venv/lib/python3.12/site-packages/airflow/example_dags/tutorial_taskflow_api_virtualenv.py                                                  1           0  0.21s           2026-08-20T11:14:03                      32
/workspaces/lab-2/.venv/lib/python3.12/site-packages/airflow/example_dags/example_setup_teardown_taskflow.py                                                   1           0  0.21s           2026-08-20T11:13:23                      32
/workspaces/lab-2/.venv/lib/python3.12/site-packages/airflow/example_dags/example_inlet_event_extra.py                                                         2           0  0.21s           2026-08-20T11:13:43                      59
/workspaces/lab-2/.venv/lib/python3.12/site-packages/airflow/example_dags/example_python_operator.py                                                           1           0  0.21s           2026-08-20T11:13:30                      32
/workspaces/lab-2/.venv/lib/python3.12/site-packages/airflow/example_dags/example_bash_operator.py                                                             1           0  0.21s           2026-08-20T11:13:18                      34
/workspaces/lab-2/.venv/lib/python3.12/site-packages/airflow/example_dags/example_complex.py                                                                   1           0  0.21s           2026-08-20T11:13:50                      32
/workspaces/lab-2/.venv/lib/python3.12/site-packages/airflow/example_dags/example_params_trigger_ui.py                                                         1           0  0.21s           2026-08-20T11:13:36                      32
/workspaces/lab-2/.venv/lib/python3.12/site-packages/airflow/example_dags/example_passing_params_via_test_command.py                                           1           0  0.21s           2026-08-20T11:13:31                      34
/workspaces/lab-2/dags/etl_ingestion_dag.py                                                                                                                    0           1  0.11s           2026-08-20T11:13:55                       3
/workspaces/lab-2/.venv/lib/python3.12/site-packages/airflow/example_dags/plugins/listener_plugin.py                                                           0           0  0.11s           2026-08-20T11:13:57                       3
/workspaces/lab-2/.venv/lib/python3.12/site-packages/airflow/example_dags/example_sla_dag.py                                                                   1           0  0.11s           2026-08-20T11:14:09                      12
/workspaces/lab-2/.venv/lib/python3.12/site-packages/airflow/example_dags/example_xcomargs.py                                                                  2           0  0.11s           2026-08-20T11:14:04                      13
/workspaces/lab-2/.venv/lib/python3.12/site-packages/airflow/example_dags/tutorial_dag.py                                                                      1           0  0.11s           2026-08-20T11:14:08                      10
/workspaces/lab-2/.venv/lib/python3.12/site-packages/airflow/example_dags/example_local_kubernetes_executor.py                                                 0           0  0.11s           2026-08-20T11:13:36                       3
/workspaces/lab-2/.venv/lib/python3.12/site-packages/airflow/example_dags/example_branch_operator_decorator.py                                                 1           0  0.11s           2026-08-20T11:13:52                      11
/workspaces/lab-2/.venv/lib/python3.12/site-packages/airflow/example_dags/tutorial_objectstorage.py                                                            1           0  0.11s           2026-08-20T11:14:01                      10
/workspaces/lab-2/.venv/lib/python3.12/site-packages/airflow/example_dags/plugins/workday.py                                                                   0           0  0.11s           2026-08-20T11:13:58                       3
/workspaces/lab-2/.venv/lib/python3.12/site-packages/airflow/example_dags/example_branch_day_of_week_operator.py                                               1           0  0.11s           2026-08-20T11:13:51                      11
/workspaces/lab-2/.venv/lib/python3.12/site-packages/airflow/example_dags/example_branch_labels.py                                                             1           0  0.11s           2026-08-20T11:13:53                      11
/workspaces/lab-2/.venv/lib/python3.12/site-packages/airflow/example_dags/example_subdag_operator.py                                                           3           0  0.11s           2026-08-20T11:14:11                      20
/workspaces/lab-2/.venv/lib/python3.12/site-packages/airflow/example_dags/plugins/event_listener.py                                                            0           0  0.11s           2026-08-20T11:13:59                       3
/workspaces/lab-2/.venv/lib/python3.12/site-packages/airflow/example_dags/subdags/subdag.py                                                                    0           0  0.11s           2026-08-20T11:13:56                       3
/workspaces/lab-2/.venv/lib/python3.12/site-packages/airflow/example_dags/example_bash_decorator.py                                                            1           0  0.11s           2026-08-20T11:13:55                       9
/workspaces/lab-2/.venv/lib/python3.12/site-packages/airflow/example_dags/example_trigger_controller_dag.py                                                    1           0  0.11s           2026-08-20T11:14:10                      12
/workspaces/lab-2/.venv/lib/python3.12/site-packages/airflow/example_dags/example_time_delta_sensor_async.py                                                   1           0  0.11s           2026-08-20T11:14:12                      10
/workspaces/lab-2/.venv/lib/python3.12/site-packages/airflow/example_dags/plugins/decreasing_priority_weight_strategy.py                                       0           0  0.11s           2026-08-20T11:13:57                       3
/workspaces/lab-2/.venv/lib/python3.12/site-packages/airflow/example_dags/tutorial_taskflow_api.py                                                             1           0  0.11s           2026-08-20T11:14:00                      10
/workspaces/lab-2/.venv/lib/python3.12/site-packages/airflow/example_dags/example_short_circuit_operator.py                                                    1           0  0.11s           2026-08-20T11:13:25                       9
/workspaces/lab-2/.venv/lib/python3.12/site-packages/airflow/example_dags/example_trigger_target_dag.py                                                        1           0  0.11s           2026-08-20T11:14:05                      10
/workspaces/lab-2/.venv/lib/python3.12/site-packages/airflow/example_dags/tutorial.py                                                                          1           0  0.11s           2026-08-20T11:14:05                      12
/workspaces/lab-2/.venv/lib/python3.12/site-packages/airflow/example_dags/example_kubernetes_executor.py                                                       0           0  0.11s           2026-08-20T11:13:45                       3
================================================================================
[2026-08-20T11:14:15.231+0000] {manager.py:997} INFO - 
================================================================================
DAG File Processing Stats

File Path                                                                                                                             PID    Runtime      # DAGs    # Errors  Last Runtime    Last Run               Last # of DB Queries
------------------------------------------------------------------------------------------------------------------------------------  -----  ---------  --------  ----------  --------------  -------------------  ----------------------
/workspaces/lab-2/.venv/lib/python3.12/site-packages/airflow/example_dags/example_sensor_decorator.py                                                          1           0  0.42s           2026-08-20T11:13:38                       9
/workspaces/lab-2/.venv/lib/python3.12/site-packages/airflow/example_dags/example_branch_datetime_operator.py                                                  3           0  0.33s           2026-08-20T11:13:02                      18
/workspaces/lab-2/.venv/lib/python3.12/site-packages/airflow/example_dags/example_bash_operator.py                                                             1           0  0.33s           2026-08-20T11:13:00                      12
/workspaces/lab-2/.venv/lib/python3.12/site-packages/airflow/example_dags/example_inlet_event_extra.py                                                         2           0  0.32s           2026-08-20T11:13:47                      13
/workspaces/lab-2/.venv/lib/python3.12/site-packages/airflow/example_dags/example_branch_operator_decorator.py                                                 1           0  0.31s           2026-08-20T11:13:27                      34
/workspaces/lab-2/.venv/lib/python3.12/site-packages/airflow/example_dags/example_python_operator.py                                                           1           0  0.22s           2026-08-20T11:13:35                       9
/workspaces/lab-2/.venv/lib/python3.12/site-packages/airflow/example_dags/example_branch_labels.py                                                             1           0  0.22s           2026-08-20T11:13:29                      34
/workspaces/lab-2/.venv/lib/python3.12/site-packages/airflow/example_dags/example_branch_day_of_week_operator.py                                               1           0  0.21s           2026-08-20T11:13:26                      34
/workspaces/lab-2/.venv/lib/python3.12/site-packages/airflow/example_dags/example_subdag_operator.py                                                           3           0  0.21s           2026-08-20T11:14:15                      20
/workspaces/lab-2/.venv/lib/python3.12/site-packages/airflow/example_dags/example_python_decorator.py                                                          1           0  0.21s           2026-08-20T11:13:34                       9
/workspaces/lab-2/.venv/lib/python3.12/site-packages/airflow/example_dags/example_latest_only_with_trigger.py                                                  1           0  0.21s           2026-08-20T11:13:39                      11
/workspaces/lab-2/.venv/lib/python3.12/site-packages/airflow/example_dags/example_sla_dag.py                                                                   1           0  0.21s           2026-08-20T11:14:13                      12
/workspaces/lab-2/.venv/lib/python3.12/site-packages/airflow/example_dags/example_trigger_controller_dag.py                                                    1           0  0.21s           2026-08-20T11:14:14                      12
/workspaces/lab-2/.venv/lib/python3.12/site-packages/airflow/example_dags/example_dag_decorator.py                                                             1           0  0.21s           2026-08-20T11:13:55                      32
/workspaces/lab-2/.venv/lib/python3.12/site-packages/airflow/example_dags/example_datasets.py                                                                 10           0  0.21s           2026-08-20T11:13:52                      49
/workspaces/lab-2/.venv/lib/python3.12/site-packages/airflow/example_dags/example_branch_operator.py                                                           1           0  0.21s           2026-08-20T11:13:58                      34
/workspaces/lab-2/.venv/lib/python3.12/site-packages/airflow/example_dags/example_bash_decorator.py                                                            1           0  0.21s           2026-08-20T11:13:29                      32
/workspaces/lab-2/.venv/lib/python3.12/site-packages/airflow/example_dags/example_short_circuit_operator.py                                                    1           0  0.21s           2026-08-20T11:13:25                      32
/workspaces/lab-2/.venv/lib/python3.12/site-packages/airflow/example_dags/example_kubernetes_executor.py                                                       0           0  0.12s           2026-08-20T11:13:48                       3
/workspaces/lab-2/.venv/lib/python3.12/site-packages/airflow/example_dags/example_time_delta_sensor_async.py                                                   1           0  0.12s           2026-08-20T11:13:21                       9
/workspaces/lab-2/.venv/lib/python3.12/site-packages/airflow/example_dags/tutorial.py                                                                          1           0  0.12s           2026-08-20T11:14:09                      12
/workspaces/lab-2/.venv/lib/python3.12/site-packages/airflow/example_dags/example_display_name.py                                                              1           0  0.11s           2026-08-20T11:13:48                       9
/workspaces/lab-2/.venv/lib/python3.12/site-packages/airflow/example_dags/example_dataset_alias_with_no_taskflow.py                                            4           0  0.11s           2026-08-20T11:13:53                      27
/workspaces/lab-2/.venv/lib/python3.12/site-packages/airflow/example_dags/example_xcomargs.py                                                                  2           0  0.11s           2026-08-20T11:14:08                      13
/workspaces/lab-2/.venv/lib/python3.12/site-packages/airflow/example_dags/example_outlet_event_extra.py                                                        3           0  0.11s           2026-08-20T11:13:43                      16
/workspaces/lab-2/.venv/lib/python3.12/site-packages/airflow/example_dags/example_params_trigger_ui.py                                                         1           0  0.11s           2026-08-20T11:13:42                       9
/workspaces/lab-2/.venv/lib/python3.12/site-packages/airflow/example_dags/plugins/decreasing_priority_weight_strategy.py                                       0           0  0.11s           2026-08-20T11:14:01                       3
/workspaces/lab-2/.venv/lib/python3.12/site-packages/airflow/example_dags/example_local_kubernetes_executor.py                                                 0           0  0.11s           2026-08-20T11:13:41                       3
/workspaces/lab-2/.venv/lib/python3.12/site-packages/airflow/example_dags/tutorial_taskflow_api.py                                                             1           0  0.11s           2026-08-20T11:14:05                      10
/workspaces/lab-2/.venv/lib/python3.12/site-packages/airflow/example_dags/example_dynamic_task_mapping.py                                                      1           0  0.11s           2026-08-20T11:13:50                       9
/workspaces/lab-2/.venv/lib/python3.12/site-packages/airflow/example_dags/example_passing_params_via_test_command.py                                           1           0  0.11s           2026-08-20T11:13:36                      11
/workspaces/lab-2/.venv/lib/python3.12/site-packages/airflow/example_dags/example_external_task_marker_dag.py                                                  2           0  0.11s           2026-08-20T11:13:51                      11
/workspaces/lab-2/.venv/lib/python3.12/site-packages/airflow/example_dags/example_task_group.py                                                                1           0  0.11s           2026-08-20T11:13:22                       9
/workspaces/lab-2/.venv/lib/python3.12/site-packages/airflow/example_dags/example_skip_dag.py                                                                  1           0  0.11s           2026-08-20T11:13:33                      11
/workspaces/lab-2/.venv/lib/python3.12/site-packages/airflow/example_dags/example_dynamic_task_mapping_with_no_taskflow_operators.py                           1           0  0.11s           2026-08-20T11:13:45                       9
/workspaces/lab-2/.venv/lib/python3.12/site-packages/airflow/example_dags/example_setup_teardown_taskflow.py                                                   1           0  0.11s           2026-08-20T11:13:23                       9
/workspaces/lab-2/.venv/lib/python3.12/site-packages/airflow/example_dags/example_sensors.py                                                                   1           0  0.11s           2026-08-20T11:13:31                       9
/workspaces/lab-2/.venv/lib/python3.12/site-packages/airflow/example_dags/example_params_ui_tutorial.py                                                        1           0  0.11s           2026-08-20T11:13:37                       9
/workspaces/lab-2/.venv/lib/python3.12/site-packages/airflow/example_dags/plugins/event_listener.py                                                            0           0  0.11s           2026-08-20T11:14:04                       3
/workspaces/lab-2/.venv/lib/python3.12/site-packages/airflow/example_dags/example_complex.py                                                                   1           0  0.11s           2026-08-20T11:13:57                       9
/workspaces/lab-2/.venv/lib/python3.12/site-packages/airflow/example_dags/example_setup_teardown.py                                                            1           0  0.11s           2026-08-20T11:13:30                       9
/workspaces/lab-2/dags/etl_ingestion_dag.py                                                                                                                    0           1  0.11s           2026-08-20T11:13:59                       5
/workspaces/lab-2/.venv/lib/python3.12/site-packages/airflow/example_dags/example_xcom.py                                                                      1           0  0.11s           2026-08-20T11:14:11                      12
/workspaces/lab-2/.venv/lib/python3.12/site-packages/airflow/example_dags/tutorial_dag.py                                                                      1           0  0.11s           2026-08-20T11:14:13                      10
/workspaces/lab-2/.venv/lib/python3.12/site-packages/airflow/example_dags/example_nested_branch_dag.py                                                         1           0  0.11s           2026-08-20T11:13:44                      11
/workspaces/lab-2/.venv/lib/python3.12/site-packages/airflow/example_dags/example_task_group_decorator.py                                                      1           0  0.11s           2026-08-20T11:13:22                       9
/workspaces/lab-2/.venv/lib/python3.12/site-packages/airflow/example_dags/example_latest_only.py                                                               1           0  0.11s           2026-08-20T11:13:43                      11
/workspaces/lab-2/.venv/lib/python3.12/site-packages/airflow/example_dags/example_short_circuit_decorator.py                                                   1           0  0.11s           2026-08-20T11:13:25                       9
/workspaces/lab-2/.venv/lib/python3.12/site-packages/airflow/example_dags/tutorial_taskflow_api_virtualenv.py                                                  1           0  0.11s           2026-08-20T11:14:07                       9
/workspaces/lab-2/.venv/lib/python3.12/site-packages/airflow/example_dags/plugins/workday.py                                                                   0           0  0.11s           2026-08-20T11:14:03                       3
/workspaces/lab-2/.venv/lib/python3.12/site-packages/airflow/example_dags/example_branch_python_dop_operator_3.py                                              1           0  0.11s           2026-08-20T11:13:55                      11
/workspaces/lab-2/.venv/lib/python3.12/site-packages/airflow/example_dags/example_dataset_alias.py                                                             4           0  0.11s           2026-08-20T11:13:54                      27
/workspaces/lab-2/.venv/lib/python3.12/site-packages/airflow/example_dags/example_workday_timetable.py                                                         1           0  0.11s           2026-08-20T11:14:10                      12
/workspaces/lab-2/.venv/lib/python3.12/site-packages/airflow/example_dags/plugins/listener_plugin.py                                                           0           0  0.10s           2026-08-20T11:14:02                       3
/workspaces/lab-2/.venv/lib/python3.12/site-packages/airflow/example_dags/subdags/subdag.py                                                                    0           0  0.10s           2026-08-20T11:13:59                       3
/workspaces/lab-2/.venv/lib/python3.12/site-packages/airflow/example_dags/tutorial_objectstorage.py                                                            1           0  0.10s           2026-08-20T11:14:06                      10
/workspaces/lab-2/.venv/lib/python3.12/site-packages/airflow/example_dags/example_trigger_target_dag.py                                                        1           0  0.10s           2026-08-20T11:14:09                      10
================================================================================
[2026-08-20T11:14:40.401+0000] {manager.py:997} INFO - 
================================================================================
DAG File Processing Stats

File Path                                    PID    Runtime      # DAGs    # Errors  Last Runtime    Last Run               Last # of DB Queries
-------------------------------------------  -----  ---------  --------  ----------  --------------  -------------------  ----------------------
/workspaces/lab-2/dags/etl_ingestion_dag.py                           1           0  0.91s           2026-08-20T11:14:40                      12
================================================================================
[2026-08-20T11:14:43.672+0000] {manager.py:997} INFO - 
================================================================================
DAG File Processing Stats

File Path                                                                                                                             PID    Runtime      # DAGs    # Errors  Last Runtime    Last Run               Last # of DB Queries
------------------------------------------------------------------------------------------------------------------------------------  -----  ---------  --------  ----------  --------------  -------------------  ----------------------
/workspaces/lab-2/.venv/lib/python3.12/site-packages/airflow/example_dags/example_outlet_event_extra.py                                                        3           0  0.61s           2026-08-20T11:13:38                      85
/workspaces/lab-2/.venv/lib/python3.12/site-packages/airflow/example_dags/example_branch_python_dop_operator_3.py                                              1           0  0.51s           2026-08-20T11:13:49                      34
/workspaces/lab-2/.venv/lib/python3.12/site-packages/airflow/example_dags/example_dynamic_task_mapping.py                                                      1           0  0.41s           2026-08-20T11:13:46                      32
/workspaces/lab-2/.venv/lib/python3.12/site-packages/airflow/example_dags/example_external_task_marker_dag.py                                                  2           0  0.41s           2026-08-20T11:13:47                      57
/workspaces/lab-2/.venv/lib/python3.12/site-packages/airflow/example_dags/example_latest_only.py                                                               1           0  0.32s           2026-08-20T11:13:40                      34
/workspaces/lab-2/.venv/lib/python3.12/site-packages/airflow/example_dags/example_latest_only_with_trigger.py                                                  1           0  0.31s           2026-08-20T11:13:35                      34
/workspaces/lab-2/.venv/lib/python3.12/site-packages/airflow/example_dags/example_python_decorator.py                                                          1           0  0.22s           2026-08-20T11:14:28                      10
/workspaces/lab-2/.venv/lib/python3.12/site-packages/airflow/example_dags/example_nested_branch_dag.py                                                         1           0  0.22s           2026-08-20T11:13:41                      34
/workspaces/lab-2/.venv/lib/python3.12/site-packages/airflow/example_dags/example_task_group.py                                                                1           0  0.21s           2026-08-20T11:14:14                      10
/workspaces/lab-2/.venv/lib/python3.12/site-packages/airflow/example_dags/example_display_name.py                                                              1           0  0.21s           2026-08-20T11:13:44                      32
/workspaces/lab-2/.venv/lib/python3.12/site-packages/airflow/example_dags/example_params_ui_tutorial.py                                                        1           0  0.21s           2026-08-20T11:14:42                      10
/workspaces/lab-2/.venv/lib/python3.12/site-packages/airflow/example_dags/example_workday_timetable.py                                                         1           0  0.21s           2026-08-20T11:14:06                      12
/workspaces/lab-2/.venv/lib/python3.12/site-packages/airflow/example_dags/example_dynamic_task_mapping_with_no_taskflow_operators.py                           1           0  0.21s           2026-08-20T11:13:42                      32
/workspaces/lab-2/.venv/lib/python3.12/site-packages/airflow/example_dags/example_dataset_alias.py                                                             4           0  0.21s           2026-08-20T11:14:19                      27
/workspaces/lab-2/.venv/lib/python3.12/site-packages/airflow/example_dags/example_task_group_decorator.py                                                      1           0  0.21s           2026-08-20T11:14:13                      10
/workspaces/lab-2/.venv/lib/python3.12/site-packages/airflow/example_dags/example_xcom.py                                                                      1           0  0.21s           2026-08-20T11:14:08                      12
/workspaces/lab-2/.venv/lib/python3.12/site-packages/airflow/example_dags/example_datasets.py                                                                 10           0  0.21s           2026-08-20T11:14:18                      49
/workspaces/lab-2/.venv/lib/python3.12/site-packages/airflow/example_dags/example_passing_params_via_test_command.py                                           1           0  0.21s           2026-08-20T11:14:41                      12
/workspaces/lab-2/.venv/lib/python3.12/site-packages/airflow/example_dags/example_bash_operator.py                                                             1           0  0.21s           2026-08-20T11:14:23                      12
/workspaces/lab-2/.venv/lib/python3.12/site-packages/airflow/example_dags/tutorial_taskflow_api_virtualenv.py                                                  1           0  0.21s           2026-08-20T11:14:03                      32
/workspaces/lab-2/.venv/lib/python3.12/site-packages/airflow/example_dags/example_inlet_event_extra.py                                                         2           0  0.21s           2026-08-20T11:13:43                      59
/workspaces/lab-2/.venv/lib/python3.12/site-packages/airflow/example_dags/example_complex.py                                                                   1           0  0.21s           2026-08-20T11:13:50                      32
/workspaces/lab-2/.venv/lib/python3.12/site-packages/airflow/example_dags/example_params_trigger_ui.py                                                         1           0  0.21s           2026-08-20T11:13:36                      32
/workspaces/lab-2/.venv/lib/python3.12/site-packages/airflow/example_dags/example_branch_operator.py                                                           1           0  0.12s           2026-08-20T11:14:22                      11
/workspaces/lab-2/dags/etl_ingestion_dag.py                                                                                                                    0           1  0.11s           2026-08-20T11:13:55                       3
/workspaces/lab-2/.venv/lib/python3.12/site-packages/airflow/example_dags/plugins/listener_plugin.py                                                           0           0  0.11s           2026-08-20T11:13:57                       3
/workspaces/lab-2/.venv/lib/python3.12/site-packages/airflow/example_dags/example_sla_dag.py                                                                   1           0  0.11s           2026-08-20T11:14:09                      12
/workspaces/lab-2/.venv/lib/python3.12/site-packages/airflow/example_dags/example_xcomargs.py                                                                  2           0  0.11s           2026-08-20T11:14:04                      13
/workspaces/lab-2/.venv/lib/python3.12/site-packages/airflow/example_dags/example_python_operator.py                                                           1           0  0.11s           2026-08-20T11:14:40                       9
/workspaces/lab-2/.venv/lib/python3.12/site-packages/airflow/example_dags/tutorial_dag.py                                                                      1           0  0.11s           2026-08-20T11:14:08                      10
/workspaces/lab-2/.venv/lib/python3.12/site-packages/airflow/example_dags/example_local_kubernetes_executor.py                                                 0           0  0.11s           2026-08-20T11:13:36                       3
/workspaces/lab-2/.venv/lib/python3.12/site-packages/airflow/example_dags/example_branch_operator_decorator.py                                                 1           0  0.11s           2026-08-20T11:13:52                      11
/workspaces/lab-2/.venv/lib/python3.12/site-packages/airflow/example_dags/tutorial_objectstorage.py                                                            1           0  0.11s           2026-08-20T11:14:01                      10
/workspaces/lab-2/.venv/lib/python3.12/site-packages/airflow/example_dags/plugins/workday.py                                                                   0           0  0.11s           2026-08-20T11:13:58                       3
/workspaces/lab-2/.venv/lib/python3.12/site-packages/airflow/example_dags/example_branch_day_of_week_operator.py                                               1           0  0.11s           2026-08-20T11:13:51                      11
/workspaces/lab-2/.venv/lib/python3.12/site-packages/airflow/example_dags/example_dataset_alias_with_no_taskflow.py                                            4           0  0.11s           2026-08-20T11:14:18                      27
/workspaces/lab-2/.venv/lib/python3.12/site-packages/airflow/example_dags/example_branch_labels.py                                                             1           0  0.11s           2026-08-20T11:13:53                      11
/workspaces/lab-2/.venv/lib/python3.12/site-packages/airflow/example_dags/example_subdag_operator.py                                                           3           0  0.11s           2026-08-20T11:14:11                      20
/workspaces/lab-2/.venv/lib/python3.12/site-packages/airflow/example_dags/plugins/event_listener.py                                                            0           0  0.11s           2026-08-20T11:13:59                       3
/workspaces/lab-2/.venv/lib/python3.12/site-packages/airflow/example_dags/subdags/subdag.py                                                                    0           0  0.11s           2026-08-20T11:13:56                       3
/workspaces/lab-2/.venv/lib/python3.12/site-packages/airflow/example_dags/example_bash_decorator.py                                                            1           0  0.11s           2026-08-20T11:13:55                       9
/workspaces/lab-2/.venv/lib/python3.12/site-packages/airflow/example_dags/example_setup_teardown_taskflow.py                                                   1           0  0.11s           2026-08-20T11:14:15                      10
/workspaces/lab-2/.venv/lib/python3.12/site-packages/airflow/example_dags/example_sensor_decorator.py                                                          1           0  0.11s           2026-08-20T11:14:43                      10
/workspaces/lab-2/.venv/lib/python3.12/site-packages/airflow/example_dags/example_setup_teardown.py                                                            1           0  0.11s           2026-08-20T11:14:25                      10
/workspaces/lab-2/.venv/lib/python3.12/site-packages/airflow/example_dags/example_short_circuit_decorator.py                                                   1           0  0.11s           2026-08-20T11:14:16                      10
/workspaces/lab-2/.venv/lib/python3.12/site-packages/airflow/example_dags/example_dag_decorator.py                                                             1           0  0.11s           2026-08-20T11:14:21                       9
/workspaces/lab-2/.venv/lib/python3.12/site-packages/airflow/example_dags/example_short_circuit_operator.py                                                    1           0  0.11s           2026-08-20T11:14:24                      10
/workspaces/lab-2/.venv/lib/python3.12/site-packages/airflow/example_dags/example_trigger_controller_dag.py                                                    1           0  0.11s           2026-08-20T11:14:10                      12
/workspaces/lab-2/.venv/lib/python3.12/site-packages/airflow/example_dags/example_time_delta_sensor_async.py                                                   1           0  0.11s           2026-08-20T11:14:12                      10
/workspaces/lab-2/.venv/lib/python3.12/site-packages/airflow/example_dags/plugins/decreasing_priority_weight_strategy.py                                       0           0  0.11s           2026-08-20T11:13:57                       3
/workspaces/lab-2/.venv/lib/python3.12/site-packages/airflow/example_dags/tutorial_taskflow_api.py                                                             1           0  0.11s           2026-08-20T11:14:00                      10
/workspaces/lab-2/.venv/lib/python3.12/site-packages/airflow/example_dags/example_trigger_target_dag.py                                                        1           0  0.11s           2026-08-20T11:14:05                      10
/workspaces/lab-2/.venv/lib/python3.12/site-packages/airflow/example_dags/example_skip_dag.py                                                                  1           0  0.11s           2026-08-20T11:14:28                      12
/workspaces/lab-2/.venv/lib/python3.12/site-packages/airflow/example_dags/example_sensors.py                                                                   1           0  0.11s           2026-08-20T11:14:26                      10
/workspaces/lab-2/.venv/lib/python3.12/site-packages/airflow/example_dags/tutorial.py                                                                          1           0  0.11s           2026-08-20T11:14:05                      12
/workspaces/lab-2/.venv/lib/python3.12/site-packages/airflow/example_dags/example_kubernetes_executor.py                                                       0           0  0.11s           2026-08-20T11:13:45                       3
/workspaces/lab-2/.venv/lib/python3.12/site-packages/airflow/example_dags/example_branch_datetime_operator.py                                                  3           0  0.11s           2026-08-20T11:14:23                      18
================================================================================
[2026-08-20T11:14:46.076+0000] {manager.py:997} INFO - 
================================================================================
DAG File Processing Stats

File Path                                                                                                                             PID    Runtime      # DAGs    # Errors  Last Runtime    Last Run               Last # of DB Queries
------------------------------------------------------------------------------------------------------------------------------------  -----  ---------  --------  ----------  --------------  -------------------  ----------------------
/workspaces/lab-2/.venv/lib/python3.12/site-packages/airflow/example_dags/example_python_decorator.py                                                          1           0  0.54s           2026-08-20T11:14:30                      32
/workspaces/lab-2/.venv/lib/python3.12/site-packages/airflow/example_dags/example_params_trigger_ui.py                                                         1           0  0.42s           2026-08-20T11:14:39                      10
/workspaces/lab-2/.venv/lib/python3.12/site-packages/airflow/example_dags/example_python_operator.py                                                           1           0  0.31s           2026-08-20T11:14:32                      32
/workspaces/lab-2/.venv/lib/python3.12/site-packages/airflow/example_dags/example_outlet_event_extra.py                                                        3           0  0.23s           2026-08-20T11:14:40                      19
/workspaces/lab-2/.venv/lib/python3.12/site-packages/airflow/example_dags/example_skip_dag.py                                                                  1           0  0.22s           2026-08-20T11:14:29                      12
/workspaces/lab-2/.venv/lib/python3.12/site-packages/airflow/example_dags/example_inlet_event_extra.py                                                         2           0  0.22s           2026-08-20T11:14:45                      15
/workspaces/lab-2/.venv/lib/python3.12/site-packages/airflow/example_dags/example_passing_params_via_test_command.py                                           1           0  0.21s           2026-08-20T11:14:33                      12
/workspaces/lab-2/.venv/lib/python3.12/site-packages/airflow/example_dags/example_subdag_operator.py                                                           3           0  0.21s           2026-08-20T11:14:15                      20
/workspaces/lab-2/.venv/lib/python3.12/site-packages/airflow/example_dags/example_sla_dag.py                                                                   1           0  0.21s           2026-08-20T11:14:13                      12
/workspaces/lab-2/.venv/lib/python3.12/site-packages/airflow/example_dags/example_trigger_controller_dag.py                                                    1           0  0.21s           2026-08-20T11:14:14                      12
/workspaces/lab-2/.venv/lib/python3.12/site-packages/airflow/example_dags/example_nested_branch_dag.py                                                         1           0  0.21s           2026-08-20T11:14:42                      12
/workspaces/lab-2/.venv/lib/python3.12/site-packages/airflow/example_dags/example_branch_operator_decorator.py                                                 1           0  0.21s           2026-08-20T11:14:25                      12
/workspaces/lab-2/.venv/lib/python3.12/site-packages/airflow/example_dags/example_bash_operator.py                                                             1           0  0.21s           2026-08-20T11:14:22                      12
/workspaces/lab-2/.venv/lib/python3.12/site-packages/airflow/example_dags/example_latest_only.py                                                               1           0  0.21s           2026-08-20T11:14:41                      12
/workspaces/lab-2/.venv/lib/python3.12/site-packages/airflow/example_dags/example_dag_decorator.py                                                             1           0  0.21s           2026-08-20T11:13:55                      32
/workspaces/lab-2/.venv/lib/python3.12/site-packages/airflow/example_dags/example_datasets.py                                                                 10           0  0.21s           2026-08-20T11:13:52                      49
/workspaces/lab-2/.venv/lib/python3.12/site-packages/airflow/example_dags/example_branch_operator.py                                                           1           0  0.21s           2026-08-20T11:13:58                      34
/workspaces/lab-2/.venv/lib/python3.12/site-packages/airflow/example_dags/example_bash_decorator.py                                                            1           0  0.21s           2026-08-20T11:13:29                      32
/workspaces/lab-2/.venv/lib/python3.12/site-packages/airflow/example_dags/example_sensors.py                                                                   1           0  0.12s           2026-08-20T11:14:28                      10
/workspaces/lab-2/.venv/lib/python3.12/site-packages/airflow/example_dags/example_kubernetes_executor.py                                                       0           0  0.12s           2026-08-20T11:13:48                       3
/workspaces/lab-2/.venv/lib/python3.12/site-packages/airflow/example_dags/tutorial.py                                                                          1           0  0.12s           2026-08-20T11:14:09                      12
/workspaces/lab-2/.venv/lib/python3.12/site-packages/airflow/example_dags/example_dataset_alias_with_no_taskflow.py                                            4           0  0.11s           2026-08-20T11:13:53                      27
/workspaces/lab-2/.venv/lib/python3.12/site-packages/airflow/example_dags/example_xcomargs.py                                                                  2           0  0.11s           2026-08-20T11:14:08                      13
/workspaces/lab-2/.venv/lib/python3.12/site-packages/airflow/example_dags/example_short_circuit_decorator.py                                                   1           0  0.11s           2026-08-20T11:14:19                      10
/workspaces/lab-2/.venv/lib/python3.12/site-packages/airflow/example_dags/plugins/decreasing_priority_weight_strategy.py                                       0           0  0.11s           2026-08-20T11:14:01                       3
/workspaces/lab-2/.venv/lib/python3.12/site-packages/airflow/example_dags/example_branch_datetime_operator.py                                                  3           0  0.11s           2026-08-20T11:14:23                      18
/workspaces/lab-2/.venv/lib/python3.12/site-packages/airflow/example_dags/tutorial_taskflow_api.py                                                             1           0  0.11s           2026-08-20T11:14:05                      10
/workspaces/lab-2/.venv/lib/python3.12/site-packages/airflow/example_dags/example_display_name.py                                                              1           0  0.11s           2026-08-20T11:14:46                      10
/workspaces/lab-2/.venv/lib/python3.12/site-packages/airflow/example_dags/example_task_group_decorator.py                                                      1           0  0.11s           2026-08-20T11:14:17                      10
/workspaces/lab-2/.venv/lib/python3.12/site-packages/airflow/example_dags/example_dynamic_task_mapping.py                                                      1           0  0.11s           2026-08-20T11:13:50                       9
/workspaces/lab-2/.venv/lib/python3.12/site-packages/airflow/example_dags/example_dynamic_task_mapping_with_no_taskflow_operators.py                           1           0  0.11s           2026-08-20T11:14:43                      10
/workspaces/lab-2/.venv/lib/python3.12/site-packages/airflow/example_dags/example_external_task_marker_dag.py                                                  2           0  0.11s           2026-08-20T11:13:51                      11
/workspaces/lab-2/.venv/lib/python3.12/site-packages/airflow/example_dags/example_short_circuit_operator.py                                                    1           0  0.11s           2026-08-20T11:14:21                      10
/workspaces/lab-2/.venv/lib/python3.12/site-packages/airflow/example_dags/example_task_group.py                                                                1           0  0.11s           2026-08-20T11:14:18                      10
/workspaces/lab-2/.venv/lib/python3.12/site-packages/airflow/example_dags/example_time_delta_sensor_async.py                                                   1           0  0.11s           2026-08-20T11:14:16                      10
/workspaces/lab-2/.venv/lib/python3.12/site-packages/airflow/example_dags/example_local_kubernetes_executor.py                                                 0           0  0.11s           2026-08-20T11:14:37                       3
/workspaces/lab-2/.venv/lib/python3.12/site-packages/airflow/example_dags/example_branch_day_of_week_operator.py                                               1           0  0.11s           2026-08-20T11:14:24                      12
/workspaces/lab-2/.venv/lib/python3.12/site-packages/airflow/example_dags/plugins/event_listener.py                                                            0           0  0.11s           2026-08-20T11:14:04                       3
/workspaces/lab-2/.venv/lib/python3.12/site-packages/airflow/example_dags/example_complex.py                                                                   1           0  0.11s           2026-08-20T11:13:57                       9
/workspaces/lab-2/dags/etl_ingestion_dag.py                                                                                                                    0           1  0.11s           2026-08-20T11:13:59                       5
/workspaces/lab-2/.venv/lib/python3.12/site-packages/airflow/example_dags/example_xcom.py                                                                      1           0  0.11s           2026-08-20T11:14:11                      12
/workspaces/lab-2/.venv/lib/python3.12/site-packages/airflow/example_dags/example_setup_teardown_taskflow.py                                                   1           0  0.11s           2026-08-20T11:14:19                      10
/workspaces/lab-2/.venv/lib/python3.12/site-packages/airflow/example_dags/tutorial_dag.py                                                                      1           0  0.11s           2026-08-20T11:14:13                      10
/workspaces/lab-2/.venv/lib/python3.12/site-packages/airflow/example_dags/example_latest_only_with_trigger.py                                                  1           0  0.11s           2026-08-20T11:14:36                      12
/workspaces/lab-2/.venv/lib/python3.12/site-packages/airflow/example_dags/example_branch_labels.py                                                             1           0  0.11s           2026-08-20T11:14:26                      12
/workspaces/lab-2/.venv/lib/python3.12/site-packages/airflow/example_dags/example_setup_teardown.py                                                            1           0  0.11s           2026-08-20T11:14:27                      10
/workspaces/lab-2/.venv/lib/python3.12/site-packages/airflow/example_dags/tutorial_taskflow_api_virtualenv.py                                                  1           0  0.11s           2026-08-20T11:14:07                       9
/workspaces/lab-2/.venv/lib/python3.12/site-packages/airflow/example_dags/plugins/workday.py                                                                   0           0  0.11s           2026-08-20T11:14:03                       3
/workspaces/lab-2/.venv/lib/python3.12/site-packages/airflow/example_dags/example_branch_python_dop_operator_3.py                                              1           0  0.11s           2026-08-20T11:13:55                      11
/workspaces/lab-2/.venv/lib/python3.12/site-packages/airflow/example_dags/example_sensor_decorator.py                                                          1           0  0.11s           2026-08-20T11:14:36                      10
/workspaces/lab-2/.venv/lib/python3.12/site-packages/airflow/example_dags/example_dataset_alias.py                                                             4           0  0.11s           2026-08-20T11:13:54                      27
/workspaces/lab-2/.venv/lib/python3.12/site-packages/airflow/example_dags/example_workday_timetable.py                                                         1           0  0.11s           2026-08-20T11:14:10                      12
/workspaces/lab-2/.venv/lib/python3.12/site-packages/airflow/example_dags/plugins/listener_plugin.py                                                           0           0  0.10s           2026-08-20T11:14:02                       3
/workspaces/lab-2/.venv/lib/python3.12/site-packages/airflow/example_dags/example_params_ui_tutorial.py                                                        1           0  0.10s           2026-08-20T11:14:34                      10
/workspaces/lab-2/.venv/lib/python3.12/site-packages/airflow/example_dags/subdags/subdag.py                                                                    0           0  0.10s           2026-08-20T11:13:59                       3
/workspaces/lab-2/.venv/lib/python3.12/site-packages/airflow/example_dags/tutorial_objectstorage.py                                                            1           0  0.10s           2026-08-20T11:14:06                      10
/workspaces/lab-2/.venv/lib/python3.12/site-packages/airflow/example_dags/example_trigger_target_dag.py                                                        1           0  0.10s           2026-08-20T11:14:09                      10
================================================================================
[2026-08-20T11:16:07.777+0000] {manager.py:465} INFO - Exiting gracefully upon receiving signal 15
[2026-08-20T11:16:08.630+0000] {manager.py:483} INFO - Processing files using up to 1 processes at a time 
[2026-08-20T11:16:08.634+0000] {manager.py:484} INFO - Process each file at most once every 30 seconds
[2026-08-20T11:16:08.634+0000] {manager.py:485} INFO - Checking for new files in /workspaces/lab-2/dags every 300 seconds
[2026-08-20T11:16:08.634+0000] {manager.py:821} INFO - Searching for files in /workspaces/lab-2/dags
[2026-08-20T11:16:08.738+0000] {manager.py:824} INFO - There are 57 files in /workspaces/lab-2/dags
[2026-08-20T11:16:09.344+0000] {manager.py:997} INFO - 
================================================================================
DAG File Processing Stats

File Path                                                                                                                             PID    Runtime      # DAGs    # Errors  Last Runtime    Last Run               Last # of DB Queries
------------------------------------------------------------------------------------------------------------------------------------  -----  ---------  --------  ----------  --------------  -------------------  ----------------------
/workspaces/lab-2/dags/etl_ingestion_dag.py                                                                                                                    0           1  0.22s           2026-08-20T11:16:09                       3
/workspaces/lab-2/.venv/lib/python3.12/site-packages/airflow/example_dags/example_dynamic_task_mapping_with_no_taskflow_operators.py                           0           0                                                            0
/workspaces/lab-2/.venv/lib/python3.12/site-packages/airflow/example_dags/example_datasets.py                                                                  0           0                                                            0
/workspaces/lab-2/.venv/lib/python3.12/site-packages/airflow/example_dags/example_python_decorator.py                                                          0           0                                                            0
/workspaces/lab-2/.venv/lib/python3.12/site-packages/airflow/example_dags/example_setup_teardown_taskflow.py                                                   0           0                                                            0
/workspaces/lab-2/.venv/lib/python3.12/site-packages/airflow/example_dags/example_xcomargs.py                                                                  0           0                                                            0
/workspaces/lab-2/.venv/lib/python3.12/site-packages/airflow/example_dags/example_branch_operator.py                                                           0           0                                                            0
/workspaces/lab-2/.venv/lib/python3.12/site-packages/airflow/example_dags/example_inlet_event_extra.py                                                         0           0                                                            0
/workspaces/lab-2/.venv/lib/python3.12/site-packages/airflow/example_dags/example_short_circuit_decorator.py                                                   0           0                                                            0
/workspaces/lab-2/.venv/lib/python3.12/site-packages/airflow/example_dags/example_short_circuit_operator.py                                                    0           0                                                            0
/workspaces/lab-2/.venv/lib/python3.12/site-packages/airflow/example_dags/example_bash_operator.py                                                             0           0                                                            0
/workspaces/lab-2/.venv/lib/python3.12/site-packages/airflow/example_dags/example_sla_dag.py                                                                   0           0                                                            0
/workspaces/lab-2/.venv/lib/python3.12/site-packages/airflow/example_dags/example_branch_datetime_operator.py                                                  0           0                                                            0
/workspaces/lab-2/.venv/lib/python3.12/site-packages/airflow/example_dags/example_trigger_controller_dag.py                                                    0           0                                                            0
/workspaces/lab-2/.venv/lib/python3.12/site-packages/airflow/example_dags/example_subdag_operator.py                                                           0           0                                                            0
/workspaces/lab-2/.venv/lib/python3.12/site-packages/airflow/example_dags/example_latest_only_with_trigger.py                                                  0           0                                                            0
/workspaces/lab-2/.venv/lib/python3.12/site-packages/airflow/example_dags/example_time_delta_sensor_async.py                                                   0           0                                                            0
/workspaces/lab-2/.venv/lib/python3.12/site-packages/airflow/example_dags/example_branch_day_of_week_operator.py                                               0           0                                                            0
/workspaces/lab-2/.venv/lib/python3.12/site-packages/airflow/example_dags/example_dataset_alias_with_no_taskflow.py                                            0           0                                                            0
/workspaces/lab-2/.venv/lib/python3.12/site-packages/airflow/example_dags/example_python_operator.py                                                           0           0                                                            0
/workspaces/lab-2/.venv/lib/python3.12/site-packages/airflow/example_dags/example_display_name.py                                                              0           0                                                            0
/workspaces/lab-2/.venv/lib/python3.12/site-packages/airflow/example_dags/example_passing_params_via_test_command.py                                           0           0                                                            0
/workspaces/lab-2/.venv/lib/python3.12/site-packages/airflow/example_dags/example_kubernetes_executor.py                                                       0           0                                                            0
/workspaces/lab-2/.venv/lib/python3.12/site-packages/airflow/example_dags/example_setup_teardown.py                                                            0           0                                                            0
/workspaces/lab-2/.venv/lib/python3.12/site-packages/airflow/example_dags/tutorial.py                                                                          0           0                                                            0
/workspaces/lab-2/.venv/lib/python3.12/site-packages/airflow/example_dags/example_dynamic_task_mapping.py                                                      0           0                                                            0
/workspaces/lab-2/.venv/lib/python3.12/site-packages/airflow/example_dags/example_local_kubernetes_executor.py                                                 0           0                                                            0
/workspaces/lab-2/.venv/lib/python3.12/site-packages/airflow/example_dags/example_sensors.py                                                                   0           0                                                            0
/workspaces/lab-2/.venv/lib/python3.12/site-packages/airflow/example_dags/example_dataset_alias.py                                                             0           0                                                            0
/workspaces/lab-2/.venv/lib/python3.12/site-packages/airflow/example_dags/example_params_trigger_ui.py                                                         0           0                                                            0
/workspaces/lab-2/.venv/lib/python3.12/site-packages/airflow/example_dags/example_params_ui_tutorial.py                                                        0           0                                                            0
/workspaces/lab-2/.venv/lib/python3.12/site-packages/airflow/example_dags/tutorial_taskflow_api.py                                                             0           0                                                            0
/workspaces/lab-2/.venv/lib/python3.12/site-packages/airflow/example_dags/example_outlet_event_extra.py                                                        0           0                                                            0
/workspaces/lab-2/.venv/lib/python3.12/site-packages/airflow/example_dags/example_trigger_target_dag.py                                                        0           0                                                            0
/workspaces/lab-2/.venv/lib/python3.12/site-packages/airflow/example_dags/example_skip_dag.py                                                                  0           0                                                            0
/workspaces/lab-2/.venv/lib/python3.12/site-packages/airflow/example_dags/tutorial_objectstorage.py                                                            0           0                                                            0
/workspaces/lab-2/.venv/lib/python3.12/site-packages/airflow/example_dags/example_latest_only.py                                                               0           0                                                            0
/workspaces/lab-2/.venv/lib/python3.12/site-packages/airflow/example_dags/example_dag_decorator.py                                                             0           0                                                            0
/workspaces/lab-2/.venv/lib/python3.12/site-packages/airflow/example_dags/example_external_task_marker_dag.py                                                  0           0                                                            0
/workspaces/lab-2/.venv/lib/python3.12/site-packages/airflow/example_dags/example_bash_decorator.py                                                            0           0                                                            0
/workspaces/lab-2/.venv/lib/python3.12/site-packages/airflow/example_dags/tutorial_taskflow_api_virtualenv.py                                                  0           0                                                            0
/workspaces/lab-2/.venv/lib/python3.12/site-packages/airflow/example_dags/example_branch_operator_decorator.py                                                 0           0                                                            0
/workspaces/lab-2/.venv/lib/python3.12/site-packages/airflow/example_dags/example_nested_branch_dag.py                                                         0           0                                                            0
/workspaces/lab-2/.venv/lib/python3.12/site-packages/airflow/example_dags/example_workday_timetable.py                                                         0           0                                                            0
/workspaces/lab-2/.venv/lib/python3.12/site-packages/airflow/example_dags/example_branch_labels.py                                                             0           0                                                            0
/workspaces/lab-2/.venv/lib/python3.12/site-packages/airflow/example_dags/example_xcom.py                                                                      0           0                                                            0
/workspaces/lab-2/.venv/lib/python3.12/site-packages/airflow/example_dags/example_task_group_decorator.py                                                      0           0                                                            0
/workspaces/lab-2/.venv/lib/python3.12/site-packages/airflow/example_dags/example_task_group.py                                                                0           0                                                            0
/workspaces/lab-2/.venv/lib/python3.12/site-packages/airflow/example_dags/tutorial_dag.py                                                                      0           0                                                            0
/workspaces/lab-2/.venv/lib/python3.12/site-packages/airflow/example_dags/example_sensor_decorator.py                                                          0           0                                                            0
/workspaces/lab-2/.venv/lib/python3.12/site-packages/airflow/example_dags/example_branch_python_dop_operator_3.py                                              0           0                                                            0
/workspaces/lab-2/.venv/lib/python3.12/site-packages/airflow/example_dags/example_complex.py                                                                   0           0                                                            0
/workspaces/lab-2/.venv/lib/python3.12/site-packages/airflow/example_dags/subdags/subdag.py                                                                    0           0                                                            0
/workspaces/lab-2/.venv/lib/python3.12/site-packages/airflow/example_dags/plugins/decreasing_priority_weight_strategy.py                                       0           0                                                            0
/workspaces/lab-2/.venv/lib/python3.12/site-packages/airflow/example_dags/plugins/listener_plugin.py                                                           0           0                                                            0
/workspaces/lab-2/.venv/lib/python3.12/site-packages/airflow/example_dags/plugins/workday.py                                                                   0           0                                                            0
/workspaces/lab-2/.venv/lib/python3.12/site-packages/airflow/example_dags/plugins/event_listener.py                                                            0           0                                                            0
================================================================================
[2026-08-20T11:16:10.346+0000] {manager.py:465} INFO - Exiting gracefully upon receiving signal 15
[2026-08-20T11:16:11.115+0000] {manager.py:483} INFO - Processing files using up to 1 processes at a time 
[2026-08-20T11:16:11.118+0000] {manager.py:484} INFO - Process each file at most once every 30 seconds
[2026-08-20T11:16:11.118+0000] {manager.py:485} INFO - Checking for new files in /workspaces/lab-2/dags every 300 seconds
[2026-08-20T11:16:11.118+0000] {manager.py:821} INFO - Searching for files in /workspaces/lab-2/dags
[2026-08-20T11:16:11.130+0000] {manager.py:824} INFO - There are 1 files in /workspaces/lab-2/dags
[2026-08-20T11:16:14.750+0000] {manager.py:997} INFO - 
================================================================================
DAG File Processing Stats

File Path                                    PID    Runtime      # DAGs    # Errors  Last Runtime    Last Run               Last # of DB Queries
-------------------------------------------  -----  ---------  --------  ----------  --------------  -------------------  ----------------------
/workspaces/lab-2/dags/etl_ingestion_dag.py                           1           0  3.36s           2026-08-20T11:16:14                      12
================================================================================
[2026-08-20T11:16:15.071+0000] {manager.py:821} INFO - Searching for files in /workspaces/lab-2/dags
[2026-08-20T11:16:15.112+0000] {manager.py:824} INFO - There are 57 files in /workspaces/lab-2/dags
[2026-08-20T11:16:15.562+0000] {manager.py:997} INFO - 
================================================================================
DAG File Processing Stats

File Path                                                                                                                             PID    Runtime      # DAGs    # Errors  Last Runtime    Last Run               Last # of DB Queries
------------------------------------------------------------------------------------------------------------------------------------  -----  ---------  --------  ----------  --------------  -------------------  ----------------------
/workspaces/lab-2/.venv/lib/python3.12/site-packages/airflow/example_dags/example_python_decorator.py                                                          1           0  0.54s           2026-08-20T11:14:30                      32
/workspaces/lab-2/.venv/lib/python3.12/site-packages/airflow/example_dags/example_params_trigger_ui.py                                                         1           0  0.42s           2026-08-20T11:14:39                      10
/workspaces/lab-2/.venv/lib/python3.12/site-packages/airflow/example_dags/example_branch_python_dop_operator_3.py                                              1           0  0.41s           2026-08-20T11:16:15                      34
/workspaces/lab-2/.venv/lib/python3.12/site-packages/airflow/example_dags/example_python_operator.py                                                           1           0  0.31s           2026-08-20T11:14:32                      32
/workspaces/lab-2/.venv/lib/python3.12/site-packages/airflow/example_dags/example_outlet_event_extra.py                                                        3           0  0.23s           2026-08-20T11:14:40                      19
/workspaces/lab-2/.venv/lib/python3.12/site-packages/airflow/example_dags/example_skip_dag.py                                                                  1           0  0.22s           2026-08-20T11:14:29                      12
/workspaces/lab-2/.venv/lib/python3.12/site-packages/airflow/example_dags/example_inlet_event_extra.py                                                         2           0  0.22s           2026-08-20T11:14:45                      15
/workspaces/lab-2/.venv/lib/python3.12/site-packages/airflow/example_dags/example_dag_decorator.py                                                             1           0  0.22s           2026-08-20T11:15:13                      10
/workspaces/lab-2/.venv/lib/python3.12/site-packages/airflow/example_dags/example_dataset_alias_with_no_taskflow.py                                            4           0  0.21s           2026-08-20T11:14:57                      27
/workspaces/lab-2/.venv/lib/python3.12/site-packages/airflow/example_dags/example_passing_params_via_test_command.py                                           1           0  0.21s           2026-08-20T11:14:33                      12
/workspaces/lab-2/.venv/lib/python3.12/site-packages/airflow/example_dags/example_dataset_alias.py                                                             4           0  0.21s           2026-08-20T11:15:13                      27
/workspaces/lab-2/.venv/lib/python3.12/site-packages/airflow/example_dags/example_subdag_operator.py                                                           3           0  0.21s           2026-08-20T11:14:15                      20
/workspaces/lab-2/.venv/lib/python3.12/site-packages/airflow/example_dags/example_sla_dag.py                                                                   1           0  0.21s           2026-08-20T11:14:13                      12
/workspaces/lab-2/.venv/lib/python3.12/site-packages/airflow/example_dags/example_trigger_controller_dag.py                                                    1           0  0.21s           2026-08-20T11:14:14                      12
/workspaces/lab-2/.venv/lib/python3.12/site-packages/airflow/example_dags/example_datasets.py                                                                 10           0  0.21s           2026-08-20T11:14:50                      49
/workspaces/lab-2/.venv/lib/python3.12/site-packages/airflow/example_dags/example_nested_branch_dag.py                                                         1           0  0.21s           2026-08-20T11:14:42                      12
/workspaces/lab-2/.venv/lib/python3.12/site-packages/airflow/example_dags/example_branch_operator_decorator.py                                                 1           0  0.21s           2026-08-20T11:14:25                      12
/workspaces/lab-2/.venv/lib/python3.12/site-packages/airflow/example_dags/example_bash_operator.py                                                             1           0  0.21s           2026-08-20T11:14:22                      12
/workspaces/lab-2/.venv/lib/python3.12/site-packages/airflow/example_dags/example_latest_only.py                                                               1           0  0.21s           2026-08-20T11:14:41                      12
/workspaces/lab-2/.venv/lib/python3.12/site-packages/airflow/example_dags/example_branch_operator.py                                                           1           0  0.21s           2026-08-20T11:13:58                      34
/workspaces/lab-2/.venv/lib/python3.12/site-packages/airflow/example_dags/example_bash_decorator.py                                                            1           0  0.21s           2026-08-20T11:13:29                      32
/workspaces/lab-2/.venv/lib/python3.12/site-packages/airflow/example_dags/example_sensors.py                                                                   1           0  0.12s           2026-08-20T11:14:28                      10
/workspaces/lab-2/.venv/lib/python3.12/site-packages/airflow/example_dags/tutorial.py                                                                          1           0  0.12s           2026-08-20T11:14:09                      12
/workspaces/lab-2/.venv/lib/python3.12/site-packages/airflow/example_dags/example_xcomargs.py                                                                  2           0  0.11s           2026-08-20T11:14:08                      13
/workspaces/lab-2/.venv/lib/python3.12/site-packages/airflow/example_dags/example_kubernetes_executor.py                                                       0           0  0.11s           2026-08-20T11:14:46                       3
/workspaces/lab-2/.venv/lib/python3.12/site-packages/airflow/example_dags/example_dynamic_task_mapping.py                                                      1           0  0.11s           2026-08-20T11:14:47                      10
/workspaces/lab-2/.venv/lib/python3.12/site-packages/airflow/example_dags/example_short_circuit_decorator.py                                                   1           0  0.11s           2026-08-20T11:14:19                      10
/workspaces/lab-2/.venv/lib/python3.12/site-packages/airflow/example_dags/plugins/decreasing_priority_weight_strategy.py                                       0           0  0.11s           2026-08-20T11:14:01                       3
/workspaces/lab-2/.venv/lib/python3.12/site-packages/airflow/example_dags/example_branch_datetime_operator.py                                                  3           0  0.11s           2026-08-20T11:14:23                      18
/workspaces/lab-2/.venv/lib/python3.12/site-packages/airflow/example_dags/tutorial_taskflow_api.py                                                             1           0  0.11s           2026-08-20T11:14:05                      10
/workspaces/lab-2/.venv/lib/python3.12/site-packages/airflow/example_dags/example_display_name.py                                                              1           0  0.11s           2026-08-20T11:14:46                      10
/workspaces/lab-2/.venv/lib/python3.12/site-packages/airflow/example_dags/example_external_task_marker_dag.py                                                  2           0  0.11s           2026-08-20T11:14:48                      13
/workspaces/lab-2/.venv/lib/python3.12/site-packages/airflow/example_dags/example_task_group_decorator.py                                                      1           0  0.11s           2026-08-20T11:14:17                      10
/workspaces/lab-2/.venv/lib/python3.12/site-packages/airflow/example_dags/example_dynamic_task_mapping_with_no_taskflow_operators.py                           1           0  0.11s           2026-08-20T11:14:43                      10
/workspaces/lab-2/.venv/lib/python3.12/site-packages/airflow/example_dags/example_short_circuit_operator.py                                                    1           0  0.11s           2026-08-20T11:14:21                      10
/workspaces/lab-2/.venv/lib/python3.12/site-packages/airflow/example_dags/example_task_group.py                                                                1           0  0.11s           2026-08-20T11:14:18                      10
/workspaces/lab-2/.venv/lib/python3.12/site-packages/airflow/example_dags/example_time_delta_sensor_async.py                                                   1           0  0.11s           2026-08-20T11:14:16                      10
/workspaces/lab-2/.venv/lib/python3.12/site-packages/airflow/example_dags/example_local_kubernetes_executor.py                                                 0           0  0.11s           2026-08-20T11:14:37                       3
/workspaces/lab-2/.venv/lib/python3.12/site-packages/airflow/example_dags/example_branch_day_of_week_operator.py                                               1           0  0.11s           2026-08-20T11:14:24                      12
/workspaces/lab-2/.venv/lib/python3.12/site-packages/airflow/example_dags/plugins/event_listener.py                                                            0           0  0.11s           2026-08-20T11:14:04                       3
/workspaces/lab-2/.venv/lib/python3.12/site-packages/airflow/example_dags/example_complex.py                                                                   1           0  0.11s           2026-08-20T11:13:57                       9
/workspaces/lab-2/dags/etl_ingestion_dag.py                                                                                                                    0           1  0.11s           2026-08-20T11:13:59                       5
/workspaces/lab-2/.venv/lib/python3.12/site-packages/airflow/example_dags/example_xcom.py                                                                      1           0  0.11s           2026-08-20T11:14:11                      12
/workspaces/lab-2/.venv/lib/python3.12/site-packages/airflow/example_dags/example_setup_teardown_taskflow.py                                                   1           0  0.11s           2026-08-20T11:14:19                      10
/workspaces/lab-2/.venv/lib/python3.12/site-packages/airflow/example_dags/tutorial_dag.py                                                                      1           0  0.11s           2026-08-20T11:14:13                      10
/workspaces/lab-2/.venv/lib/python3.12/site-packages/airflow/example_dags/example_latest_only_with_trigger.py                                                  1           0  0.11s           2026-08-20T11:14:36                      12
/workspaces/lab-2/.venv/lib/python3.12/site-packages/airflow/example_dags/example_branch_labels.py                                                             1           0  0.11s           2026-08-20T11:14:26                      12
/workspaces/lab-2/.venv/lib/python3.12/site-packages/airflow/example_dags/example_setup_teardown.py                                                            1           0  0.11s           2026-08-20T11:14:27                      10
/workspaces/lab-2/.venv/lib/python3.12/site-packages/airflow/example_dags/tutorial_taskflow_api_virtualenv.py                                                  1           0  0.11s           2026-08-20T11:14:07                       9
/workspaces/lab-2/.venv/lib/python3.12/site-packages/airflow/example_dags/plugins/workday.py                                                                   0           0  0.11s           2026-08-20T11:14:03                       3
/workspaces/lab-2/.venv/lib/python3.12/site-packages/airflow/example_dags/example_sensor_decorator.py                                                          1           0  0.11s           2026-08-20T11:14:36                      10
/workspaces/lab-2/.venv/lib/python3.12/site-packages/airflow/example_dags/example_workday_timetable.py                                                         1           0  0.11s           2026-08-20T11:14:10                      12
/workspaces/lab-2/.venv/lib/python3.12/site-packages/airflow/example_dags/plugins/listener_plugin.py                                                           0           0  0.10s           2026-08-20T11:14:02                       3
/workspaces/lab-2/.venv/lib/python3.12/site-packages/airflow/example_dags/example_params_ui_tutorial.py                                                        1           0  0.10s           2026-08-20T11:14:34                      10
/workspaces/lab-2/.venv/lib/python3.12/site-packages/airflow/example_dags/subdags/subdag.py                                                                    0           0  0.10s           2026-08-20T11:13:59                       3
/workspaces/lab-2/.venv/lib/python3.12/site-packages/airflow/example_dags/tutorial_objectstorage.py                                                            1           0  0.10s           2026-08-20T11:14:06                      10
/workspaces/lab-2/.venv/lib/python3.12/site-packages/airflow/example_dags/example_trigger_target_dag.py                                                        1           0  0.10s           2026-08-20T11:14:09                      10
================================================================================
[2026-08-20T11:16:46.959+0000] {manager.py:997} INFO - 
================================================================================
DAG File Processing Stats

File Path                                                                                                                             PID    Runtime      # DAGs    # Errors  Last Runtime    Last Run               Last # of DB Queries
------------------------------------------------------------------------------------------------------------------------------------  -----  ---------  --------  ----------  --------------  -------------------  ----------------------
/workspaces/lab-2/.venv/lib/python3.12/site-packages/airflow/example_dags/tutorial_objectstorage.py                                                            1           0  1.24s           2026-08-20T11:16:35                      32
/workspaces/lab-2/.venv/lib/python3.12/site-packages/airflow/example_dags/example_xcom.py                                                                      1           0  0.85s           2026-08-20T11:16:46                      34
/workspaces/lab-2/.venv/lib/python3.12/site-packages/airflow/example_dags/example_trigger_target_dag.py                                                        1           0  0.72s           2026-08-20T11:16:43                      32
/workspaces/lab-2/.venv/lib/python3.12/site-packages/airflow/example_dags/example_workday_timetable.py                                                         1           0  0.63s           2026-08-20T11:16:44                      34
/workspaces/lab-2/.venv/lib/python3.12/site-packages/airflow/example_dags/tutorial.py                                                                          1           0  0.62s           2026-08-20T11:16:41                      34
/workspaces/lab-2/.venv/lib/python3.12/site-packages/airflow/example_dags/example_complex.py                                                                   1           0  0.55s           2026-08-20T11:16:17                      32
/workspaces/lab-2/.venv/lib/python3.12/site-packages/airflow/example_dags/example_python_decorator.py                                                          1           0  0.54s           2026-08-20T11:14:30                      32
/workspaces/lab-2/.venv/lib/python3.12/site-packages/airflow/example_dags/example_bash_decorator.py                                                            1           0  0.53s           2026-08-20T11:16:19                      32
/workspaces/lab-2/.venv/lib/python3.12/site-packages/airflow/example_dags/tutorial_taskflow_api.py                                                             1           0  0.51s           2026-08-20T11:16:33                      32
/workspaces/lab-2/.venv/lib/python3.12/site-packages/airflow/example_dags/example_xcomargs.py                                                                  2           0  0.51s           2026-08-20T11:16:39                      57
/workspaces/lab-2/.venv/lib/python3.12/site-packages/airflow/example_dags/example_params_trigger_ui.py                                                         1           0  0.42s           2026-08-20T11:14:39                      10
/workspaces/lab-2/.venv/lib/python3.12/site-packages/airflow/example_dags/example_branch_python_dop_operator_3.py                                              1           0  0.41s           2026-08-20T11:16:15                      34
/workspaces/lab-2/.venv/lib/python3.12/site-packages/airflow/example_dags/tutorial_taskflow_api_virtualenv.py                                                  1           0  0.32s           2026-08-20T11:16:37                      32
/workspaces/lab-2/.venv/lib/python3.12/site-packages/airflow/example_dags/example_python_operator.py                                                           1           0  0.31s           2026-08-20T11:14:32                      32
/workspaces/lab-2/.venv/lib/python3.12/site-packages/airflow/example_dags/example_outlet_event_extra.py                                                        3           0  0.23s           2026-08-20T11:14:40                      19
/workspaces/lab-2/.venv/lib/python3.12/site-packages/airflow/example_dags/example_skip_dag.py                                                                  1           0  0.22s           2026-08-20T11:14:29                      12
/workspaces/lab-2/.venv/lib/python3.12/site-packages/airflow/example_dags/example_inlet_event_extra.py                                                         2           0  0.22s           2026-08-20T11:14:45                      15
/workspaces/lab-2/.venv/lib/python3.12/site-packages/airflow/example_dags/example_dag_decorator.py                                                             1           0  0.22s           2026-08-20T11:15:13                      10
/workspaces/lab-2/.venv/lib/python3.12/site-packages/airflow/example_dags/plugins/decreasing_priority_weight_strategy.py                                       0           0  0.22s           2026-08-20T11:16:22                       3
/workspaces/lab-2/.venv/lib/python3.12/site-packages/airflow/example_dags/example_dataset_alias_with_no_taskflow.py                                            4           0  0.21s           2026-08-20T11:14:57                      27
/workspaces/lab-2/.venv/lib/python3.12/site-packages/airflow/example_dags/example_passing_params_via_test_command.py                                           1           0  0.21s           2026-08-20T11:14:33                      12
/workspaces/lab-2/.venv/lib/python3.12/site-packages/airflow/example_dags/example_dataset_alias.py                                                             4           0  0.21s           2026-08-20T11:15:13                      27
/workspaces/lab-2/.venv/lib/python3.12/site-packages/airflow/example_dags/example_subdag_operator.py                                                           3           0  0.21s           2026-08-20T11:14:15                      20
/workspaces/lab-2/.venv/lib/python3.12/site-packages/airflow/example_dags/example_sla_dag.py                                                                   1           0  0.21s           2026-08-20T11:14:13                      12
/workspaces/lab-2/.venv/lib/python3.12/site-packages/airflow/example_dags/example_trigger_controller_dag.py                                                    1           0  0.21s           2026-08-20T11:14:14                      12
/workspaces/lab-2/.venv/lib/python3.12/site-packages/airflow/example_dags/example_datasets.py                                                                 10           0  0.21s           2026-08-20T11:14:50                      49
/workspaces/lab-2/.venv/lib/python3.12/site-packages/airflow/example_dags/example_nested_branch_dag.py                                                         1           0  0.21s           2026-08-20T11:14:42                      12
/workspaces/lab-2/.venv/lib/python3.12/site-packages/airflow/example_dags/example_branch_operator_decorator.py                                                 1           0  0.21s           2026-08-20T11:14:25                      12
/workspaces/lab-2/.venv/lib/python3.12/site-packages/airflow/example_dags/example_bash_operator.py                                                             1           0  0.21s           2026-08-20T11:14:22                      12
/workspaces/lab-2/.venv/lib/python3.12/site-packages/airflow/example_dags/example_latest_only.py                                                               1           0  0.21s           2026-08-20T11:14:41                      12
/workspaces/lab-2/.venv/lib/python3.12/site-packages/airflow/example_dags/example_branch_operator.py                                                           1           0  0.21s           2026-08-20T11:13:58                      34
/workspaces/lab-2/dags/etl_ingestion_dag.py                                                                                                                    0           1  0.16s           2026-08-20T11:16:20                       3
/workspaces/lab-2/.venv/lib/python3.12/site-packages/airflow/example_dags/plugins/event_listener.py                                                            0           0  0.14s           2026-08-20T11:16:26                       3
/workspaces/lab-2/.venv/lib/python3.12/site-packages/airflow/example_dags/example_sensors.py                                                                   1           0  0.12s           2026-08-20T11:14:28                      10
/workspaces/lab-2/.venv/lib/python3.12/site-packages/airflow/example_dags/example_kubernetes_executor.py                                                       0           0  0.11s           2026-08-20T11:14:46                       3
/workspaces/lab-2/.venv/lib/python3.12/site-packages/airflow/example_dags/example_dynamic_task_mapping.py                                                      1           0  0.11s           2026-08-20T11:14:47                      10
/workspaces/lab-2/.venv/lib/python3.12/site-packages/airflow/example_dags/example_short_circuit_decorator.py                                                   1           0  0.11s           2026-08-20T11:14:19                      10
/workspaces/lab-2/.venv/lib/python3.12/site-packages/airflow/example_dags/example_branch_datetime_operator.py                                                  3           0  0.11s           2026-08-20T11:14:23                      18
/workspaces/lab-2/.venv/lib/python3.12/site-packages/airflow/example_dags/example_display_name.py                                                              1           0  0.11s           2026-08-20T11:14:46                      10
/workspaces/lab-2/.venv/lib/python3.12/site-packages/airflow/example_dags/example_external_task_marker_dag.py                                                  2           0  0.11s           2026-08-20T11:14:48                      13
/workspaces/lab-2/.venv/lib/python3.12/site-packages/airflow/example_dags/plugins/workday.py                                                                   0           0  0.11s           2026-08-20T11:16:25                       3
/workspaces/lab-2/.venv/lib/python3.12/site-packages/airflow/example_dags/example_task_group_decorator.py                                                      1           0  0.11s           2026-08-20T11:14:17                      10
/workspaces/lab-2/.venv/lib/python3.12/site-packages/airflow/example_dags/subdags/subdag.py                                                                    0           0  0.11s           2026-08-20T11:16:21                       3
/workspaces/lab-2/.venv/lib/python3.12/site-packages/airflow/example_dags/example_dynamic_task_mapping_with_no_taskflow_operators.py                           1           0  0.11s           2026-08-20T11:14:43                      10
/workspaces/lab-2/.venv/lib/python3.12/site-packages/airflow/example_dags/plugins/listener_plugin.py                                                           0           0  0.11s           2026-08-20T11:16:25                       3
/workspaces/lab-2/.venv/lib/python3.12/site-packages/airflow/example_dags/example_short_circuit_operator.py                                                    1           0  0.11s           2026-08-20T11:14:21                      10
/workspaces/lab-2/.venv/lib/python3.12/site-packages/airflow/example_dags/example_task_group.py                                                                1           0  0.11s           2026-08-20T11:14:18                      10
/workspaces/lab-2/.venv/lib/python3.12/site-packages/airflow/example_dags/example_time_delta_sensor_async.py                                                   1           0  0.11s           2026-08-20T11:14:16                      10
/workspaces/lab-2/.venv/lib/python3.12/site-packages/airflow/example_dags/example_local_kubernetes_executor.py                                                 0           0  0.11s           2026-08-20T11:14:37                       3
/workspaces/lab-2/.venv/lib/python3.12/site-packages/airflow/example_dags/example_branch_day_of_week_operator.py                                               1           0  0.11s           2026-08-20T11:14:24                      12
/workspaces/lab-2/.venv/lib/python3.12/site-packages/airflow/example_dags/example_setup_teardown_taskflow.py                                                   1           0  0.11s           2026-08-20T11:14:19                      10
/workspaces/lab-2/.venv/lib/python3.12/site-packages/airflow/example_dags/tutorial_dag.py                                                                      1           0  0.11s           2026-08-20T11:14:13                      10
/workspaces/lab-2/.venv/lib/python3.12/site-packages/airflow/example_dags/example_latest_only_with_trigger.py                                                  1           0  0.11s           2026-08-20T11:14:36                      12
/workspaces/lab-2/.venv/lib/python3.12/site-packages/airflow/example_dags/example_branch_labels.py                                                             1           0  0.11s           2026-08-20T11:14:26                      12
/workspaces/lab-2/.venv/lib/python3.12/site-packages/airflow/example_dags/example_setup_teardown.py                                                            1           0  0.11s           2026-08-20T11:14:27                      10
/workspaces/lab-2/.venv/lib/python3.12/site-packages/airflow/example_dags/example_sensor_decorator.py                                                          1           0  0.11s           2026-08-20T11:14:36                      10
/workspaces/lab-2/.venv/lib/python3.12/site-packages/airflow/example_dags/example_params_ui_tutorial.py                                                        1           0  0.10s           2026-08-20T11:14:34                      10
================================================================================
[2026-08-20T11:16:47.693+0000] {manager.py:997} INFO - 
================================================================================
DAG File Processing Stats

File Path                                    PID    Runtime      # DAGs    # Errors  Last Runtime    Last Run               Last # of DB Queries
-------------------------------------------  -----  ---------  --------  ----------  --------------  -------------------  ----------------------
/workspaces/lab-2/dags/etl_ingestion_dag.py                           1           0  2.02s           2026-08-20T11:16:47                      12
================================================================================
[2026-08-20T11:17:17.365+0000] {manager.py:997} INFO - 
================================================================================
DAG File Processing Stats

File Path                                                                                                                             PID    Runtime      # DAGs    # Errors  Last Runtime    Last Run               Last # of DB Queries
------------------------------------------------------------------------------------------------------------------------------------  -----  ---------  --------  ----------  --------------  -------------------  ----------------------
/workspaces/lab-2/.venv/lib/python3.12/site-packages/airflow/example_dags/example_datasets.py                                                                 10           0  1.79s           2026-08-20T11:17:17                     269
/workspaces/lab-2/.venv/lib/python3.12/site-packages/airflow/example_dags/tutorial_objectstorage.py                                                            1           0  1.24s           2026-08-20T11:16:35                      32
/workspaces/lab-2/.venv/lib/python3.12/site-packages/airflow/example_dags/example_dynamic_task_mapping.py                                                      1           0  1.18s           2026-08-20T11:17:14                      32
/workspaces/lab-2/.venv/lib/python3.12/site-packages/airflow/example_dags/example_sensor_decorator.py                                                          1           0  1.16s           2026-08-20T11:17:04                      32
/workspaces/lab-2/.venv/lib/python3.12/site-packages/airflow/example_dags/example_external_task_marker_dag.py                                                  2           0  1.10s           2026-08-20T11:17:15                      57
/workspaces/lab-2/.venv/lib/python3.12/site-packages/airflow/example_dags/example_latest_only_with_trigger.py                                                  1           0  1.07s           2026-08-20T11:17:05                      34
/workspaces/lab-2/.venv/lib/python3.12/site-packages/airflow/example_dags/example_params_trigger_ui.py                                                         1           0  1.03s           2026-08-20T11:17:07                      32
/workspaces/lab-2/.venv/lib/python3.12/site-packages/airflow/example_dags/example_params_ui_tutorial.py                                                        1           0  1.02s           2026-08-20T11:17:03                      32
/workspaces/lab-2/.venv/lib/python3.12/site-packages/airflow/example_dags/example_time_delta_sensor_async.py                                                   1           0  0.99s           2026-08-20T11:16:53                      32
/workspaces/lab-2/.venv/lib/python3.12/site-packages/airflow/example_dags/example_outlet_event_extra.py                                                        3           0  0.99s           2026-08-20T11:17:08                      85
/workspaces/lab-2/.venv/lib/python3.12/site-packages/airflow/example_dags/example_nested_branch_dag.py                                                         1           0  0.97s           2026-08-20T11:17:09                      34
/workspaces/lab-2/.venv/lib/python3.12/site-packages/airflow/example_dags/example_sensors.py                                                                   1           0  0.96s           2026-08-20T11:16:59                      32
/workspaces/lab-2/.venv/lib/python3.12/site-packages/airflow/example_dags/example_inlet_event_extra.py                                                         2           0  0.95s           2026-08-20T11:17:11                      59
/workspaces/lab-2/.venv/lib/python3.12/site-packages/airflow/example_dags/example_dynamic_task_mapping_with_no_taskflow_operators.py                           1           0  0.94s           2026-08-20T11:17:10                      32
/workspaces/lab-2/.venv/lib/python3.12/site-packages/airflow/example_dags/example_xcom.py                                                                      1           0  0.85s           2026-08-20T11:16:46                      34
/workspaces/lab-2/.venv/lib/python3.12/site-packages/airflow/example_dags/example_passing_params_via_test_command.py                                           1           0  0.85s           2026-08-20T11:17:02                      34
/workspaces/lab-2/.venv/lib/python3.12/site-packages/airflow/example_dags/example_skip_dag.py                                                                  1           0  0.84s           2026-08-20T11:16:59                      34
/workspaces/lab-2/.venv/lib/python3.12/site-packages/airflow/example_dags/example_display_name.py                                                              1           0  0.84s           2026-08-20T11:17:12                      32
/workspaces/lab-2/.venv/lib/python3.12/site-packages/airflow/example_dags/example_subdag_operator.py                                                           3           0  0.83s           2026-08-20T11:16:52                      42
/workspaces/lab-2/.venv/lib/python3.12/site-packages/airflow/example_dags/example_task_group_decorator.py                                                      1           0  0.83s           2026-08-20T11:16:54                      32
/workspaces/lab-2/.venv/lib/python3.12/site-packages/airflow/example_dags/example_python_decorator.py                                                          1           0  0.78s           2026-08-20T11:17:00                      32
/workspaces/lab-2/.venv/lib/python3.12/site-packages/airflow/example_dags/example_latest_only.py                                                               1           0  0.77s           2026-08-20T11:17:08                      34
/workspaces/lab-2/.venv/lib/python3.12/site-packages/airflow/example_dags/example_task_group.py                                                                1           0  0.76s           2026-08-20T11:16:55                      32
/workspaces/lab-2/.venv/lib/python3.12/site-packages/airflow/example_dags/tutorial_dag.py                                                                      1           0  0.73s           2026-08-20T11:16:48                      32
/workspaces/lab-2/.venv/lib/python3.12/site-packages/airflow/example_dags/example_short_circuit_operator.py                                                    1           0  0.73s           2026-08-20T11:16:57                      32
/workspaces/lab-2/.venv/lib/python3.12/site-packages/airflow/example_dags/example_sla_dag.py                                                                   1           0  0.73s           2026-08-20T11:16:50                      41
/workspaces/lab-2/.venv/lib/python3.12/site-packages/airflow/example_dags/example_trigger_target_dag.py                                                        1           0  0.72s           2026-08-20T11:16:43                      32
/workspaces/lab-2/.venv/lib/python3.12/site-packages/airflow/example_dags/example_trigger_controller_dag.py                                                    1           0  0.67s           2026-08-20T11:16:51                      34
/workspaces/lab-2/.venv/lib/python3.12/site-packages/airflow/example_dags/example_workday_timetable.py                                                         1           0  0.63s           2026-08-20T11:16:44                      34
/workspaces/lab-2/.venv/lib/python3.12/site-packages/airflow/example_dags/example_short_circuit_decorator.py                                                   1           0  0.62s           2026-08-20T11:16:56                      32
/workspaces/lab-2/.venv/lib/python3.12/site-packages/airflow/example_dags/example_setup_teardown.py                                                            1           0  0.62s           2026-08-20T11:16:58                      32
/workspaces/lab-2/.venv/lib/python3.12/site-packages/airflow/example_dags/tutorial.py                                                                          1           0  0.62s           2026-08-20T11:16:41                      34
/workspaces/lab-2/.venv/lib/python3.12/site-packages/airflow/example_dags/example_complex.py                                                                   1           0  0.55s           2026-08-20T11:16:17                      32
/workspaces/lab-2/.venv/lib/python3.12/site-packages/airflow/example_dags/example_python_operator.py                                                           1           0  0.53s           2026-08-20T11:17:01                      32
/workspaces/lab-2/.venv/lib/python3.12/site-packages/airflow/example_dags/example_setup_teardown_taskflow.py                                                   1           0  0.53s           2026-08-20T11:16:55                      32
/workspaces/lab-2/.venv/lib/python3.12/site-packages/airflow/example_dags/example_bash_decorator.py                                                            1           0  0.53s           2026-08-20T11:16:19                      32
/workspaces/lab-2/.venv/lib/python3.12/site-packages/airflow/example_dags/tutorial_taskflow_api.py                                                             1           0  0.51s           2026-08-20T11:16:33                      32
/workspaces/lab-2/.venv/lib/python3.12/site-packages/airflow/example_dags/example_xcomargs.py                                                                  2           0  0.51s           2026-08-20T11:16:39                      57
/workspaces/lab-2/.venv/lib/python3.12/site-packages/airflow/example_dags/example_branch_python_dop_operator_3.py                                              1           0  0.41s           2026-08-20T11:16:15                      34
/workspaces/lab-2/.venv/lib/python3.12/site-packages/airflow/example_dags/tutorial_taskflow_api_virtualenv.py                                                  1           0  0.32s           2026-08-20T11:16:37                      32
/workspaces/lab-2/.venv/lib/python3.12/site-packages/airflow/example_dags/example_kubernetes_executor.py                                                       0           0  0.23s           2026-08-20T11:17:13                       3
/workspaces/lab-2/.venv/lib/python3.12/site-packages/airflow/example_dags/example_local_kubernetes_executor.py                                                 0           0  0.23s           2026-08-20T11:17:06                       3
/workspaces/lab-2/.venv/lib/python3.12/site-packages/airflow/example_dags/example_dag_decorator.py                                                             1           0  0.22s           2026-08-20T11:15:13                      10
/workspaces/lab-2/.venv/lib/python3.12/site-packages/airflow/example_dags/plugins/decreasing_priority_weight_strategy.py                                       0           0  0.22s           2026-08-20T11:16:22                       3
/workspaces/lab-2/.venv/lib/python3.12/site-packages/airflow/example_dags/example_dataset_alias_with_no_taskflow.py                                            4           0  0.21s           2026-08-20T11:14:57                      27
/workspaces/lab-2/.venv/lib/python3.12/site-packages/airflow/example_dags/example_dataset_alias.py                                                             4           0  0.21s           2026-08-20T11:15:13                      27
/workspaces/lab-2/.venv/lib/python3.12/site-packages/airflow/example_dags/example_branch_operator_decorator.py                                                 1           0  0.21s           2026-08-20T11:14:25                      12
/workspaces/lab-2/.venv/lib/python3.12/site-packages/airflow/example_dags/example_bash_operator.py                                                             1           0  0.21s           2026-08-20T11:14:22                      12
/workspaces/lab-2/.venv/lib/python3.12/site-packages/airflow/example_dags/example_branch_operator.py                                                           1           0  0.21s           2026-08-20T11:13:58                      34
/workspaces/lab-2/dags/etl_ingestion_dag.py                                                                                                                    0           1  0.16s           2026-08-20T11:16:20                       3
/workspaces/lab-2/.venv/lib/python3.12/site-packages/airflow/example_dags/plugins/event_listener.py                                                            0           0  0.14s           2026-08-20T11:16:26                       3
/workspaces/lab-2/.venv/lib/python3.12/site-packages/airflow/example_dags/example_branch_datetime_operator.py                                                  3           0  0.11s           2026-08-20T11:14:23                      18
/workspaces/lab-2/.venv/lib/python3.12/site-packages/airflow/example_dags/plugins/workday.py                                                                   0           0  0.11s           2026-08-20T11:16:25                       3
/workspaces/lab-2/.venv/lib/python3.12/site-packages/airflow/example_dags/subdags/subdag.py                                                                    0           0  0.11s           2026-08-20T11:16:21                       3
/workspaces/lab-2/.venv/lib/python3.12/site-packages/airflow/example_dags/plugins/listener_plugin.py                                                           0           0  0.11s           2026-08-20T11:16:25                       3
/workspaces/lab-2/.venv/lib/python3.12/site-packages/airflow/example_dags/example_branch_day_of_week_operator.py                                               1           0  0.11s           2026-08-20T11:14:24                      12
/workspaces/lab-2/.venv/lib/python3.12/site-packages/airflow/example_dags/example_branch_labels.py                                                             1           0  0.11s           2026-08-20T11:14:26                      12
================================================================================
[2026-08-20T11:17:26.452+0000] {manager.py:997} INFO - 
================================================================================
DAG File Processing Stats

File Path                                    PID    Runtime      # DAGs    # Errors  Last Runtime    Last Run               Last # of DB Queries
-------------------------------------------  -----  ---------  --------  ----------  --------------  -------------------  ----------------------
/workspaces/lab-2/dags/etl_ingestion_dag.py                           1           0  1.35s           2026-08-20T11:17:26                      12
================================================================================
[2026-08-20T11:17:52.047+0000] {manager.py:997} INFO - 
================================================================================
DAG File Processing Stats

File Path                                                                                                                             PID    Runtime      # DAGs    # Errors  Last Runtime    Last Run               Last # of DB Queries
------------------------------------------------------------------------------------------------------------------------------------  -----  ---------  --------  ----------  --------------  -------------------  ----------------------
/workspaces/lab-2/.venv/lib/python3.12/site-packages/airflow/example_dags/example_datasets.py                                                                 10           0  1.79s           2026-08-20T11:17:17                     269
/workspaces/lab-2/.venv/lib/python3.12/site-packages/airflow/example_dags/tutorial_objectstorage.py                                                            1           0  1.24s           2026-08-20T11:16:35                      32
/workspaces/lab-2/.venv/lib/python3.12/site-packages/airflow/example_dags/example_dynamic_task_mapping.py                                                      1           0  1.18s           2026-08-20T11:17:14                      32
/workspaces/lab-2/.venv/lib/python3.12/site-packages/airflow/example_dags/example_sensor_decorator.py                                                          1           0  1.16s           2026-08-20T11:17:04                      32
/workspaces/lab-2/.venv/lib/python3.12/site-packages/airflow/example_dags/example_external_task_marker_dag.py                                                  2           0  1.10s           2026-08-20T11:17:15                      57
/workspaces/lab-2/.venv/lib/python3.12/site-packages/airflow/example_dags/example_dataset_alias.py                                                             4           0  1.07s           2026-08-20T11:17:19                     115
/workspaces/lab-2/.venv/lib/python3.12/site-packages/airflow/example_dags/example_latest_only_with_trigger.py                                                  1           0  1.07s           2026-08-20T11:17:05                      34
/workspaces/lab-2/.venv/lib/python3.12/site-packages/airflow/example_dags/example_params_trigger_ui.py                                                         1           0  1.03s           2026-08-20T11:17:07                      32
/workspaces/lab-2/.venv/lib/python3.12/site-packages/airflow/example_dags/example_params_ui_tutorial.py                                                        1           0  1.02s           2026-08-20T11:17:03                      32
/workspaces/lab-2/.venv/lib/python3.12/site-packages/airflow/example_dags/example_time_delta_sensor_async.py                                                   1           0  0.99s           2026-08-20T11:16:53                      32
/workspaces/lab-2/.venv/lib/python3.12/site-packages/airflow/example_dags/example_outlet_event_extra.py                                                        3           0  0.99s           2026-08-20T11:17:08                      85
/workspaces/lab-2/.venv/lib/python3.12/site-packages/airflow/example_dags/example_nested_branch_dag.py                                                         1           0  0.97s           2026-08-20T11:17:09                      34
/workspaces/lab-2/.venv/lib/python3.12/site-packages/airflow/example_dags/example_sensors.py                                                                   1           0  0.96s           2026-08-20T11:16:59                      32
/workspaces/lab-2/.venv/lib/python3.12/site-packages/airflow/example_dags/example_inlet_event_extra.py                                                         2           0  0.95s           2026-08-20T11:17:11                      59
/workspaces/lab-2/.venv/lib/python3.12/site-packages/airflow/example_dags/example_dataset_alias_with_no_taskflow.py                                            4           0  0.94s           2026-08-20T11:17:18                     115
/workspaces/lab-2/.venv/lib/python3.12/site-packages/airflow/example_dags/example_dynamic_task_mapping_with_no_taskflow_operators.py                           1           0  0.94s           2026-08-20T11:17:10                      32
/workspaces/lab-2/.venv/lib/python3.12/site-packages/airflow/example_dags/example_xcom.py                                                                      1           0  0.85s           2026-08-20T11:16:46                      34
/workspaces/lab-2/.venv/lib/python3.12/site-packages/airflow/example_dags/example_passing_params_via_test_command.py                                           1           0  0.85s           2026-08-20T11:17:02                      34
/workspaces/lab-2/.venv/lib/python3.12/site-packages/airflow/example_dags/example_skip_dag.py                                                                  1           0  0.84s           2026-08-20T11:16:59                      34
/workspaces/lab-2/.venv/lib/python3.12/site-packages/airflow/example_dags/example_display_name.py                                                              1           0  0.84s           2026-08-20T11:17:12                      32
/workspaces/lab-2/.venv/lib/python3.12/site-packages/airflow/example_dags/example_subdag_operator.py                                                           3           0  0.83s           2026-08-20T11:16:52                      42
/workspaces/lab-2/.venv/lib/python3.12/site-packages/airflow/example_dags/example_bash_operator.py                                                             1           0  0.83s           2026-08-20T11:17:31                      34
/workspaces/lab-2/.venv/lib/python3.12/site-packages/airflow/example_dags/example_task_group_decorator.py                                                      1           0  0.83s           2026-08-20T11:16:54                      32
/workspaces/lab-2/.venv/lib/python3.12/site-packages/airflow/example_dags/example_python_decorator.py                                                          1           0  0.78s           2026-08-20T11:17:00                      32
/workspaces/lab-2/.venv/lib/python3.12/site-packages/airflow/example_dags/example_latest_only.py                                                               1           0  0.77s           2026-08-20T11:17:08                      34
/workspaces/lab-2/.venv/lib/python3.12/site-packages/airflow/example_dags/example_task_group.py                                                                1           0  0.76s           2026-08-20T11:16:55                      32
/workspaces/lab-2/.venv/lib/python3.12/site-packages/airflow/example_dags/example_dag_decorator.py                                                             1           0  0.75s           2026-08-20T11:17:20                      32
/workspaces/lab-2/.venv/lib/python3.12/site-packages/airflow/example_dags/tutorial_dag.py                                                                      1           0  0.73s           2026-08-20T11:16:48                      32
/workspaces/lab-2/.venv/lib/python3.12/site-packages/airflow/example_dags/example_short_circuit_operator.py                                                    1           0  0.73s           2026-08-20T11:16:57                      32
/workspaces/lab-2/.venv/lib/python3.12/site-packages/airflow/example_dags/example_sla_dag.py                                                                   1           0  0.73s           2026-08-20T11:16:50                      41
/workspaces/lab-2/.venv/lib/python3.12/site-packages/airflow/example_dags/example_trigger_target_dag.py                                                        1           0  0.72s           2026-08-20T11:16:43                      32
/workspaces/lab-2/.venv/lib/python3.12/site-packages/airflow/example_dags/example_trigger_controller_dag.py                                                    1           0  0.67s           2026-08-20T11:16:51                      34
/workspaces/lab-2/.venv/lib/python3.12/site-packages/airflow/example_dags/example_branch_labels.py                                                             1           0  0.66s           2026-08-20T11:17:33                      34
/workspaces/lab-2/.venv/lib/python3.12/site-packages/airflow/example_dags/example_branch_operator.py                                                           1           0  0.64s           2026-08-20T11:17:29                      34
/workspaces/lab-2/.venv/lib/python3.12/site-packages/airflow/example_dags/example_workday_timetable.py                                                         1           0  0.63s           2026-08-20T11:16:44                      34
/workspaces/lab-2/.venv/lib/python3.12/site-packages/airflow/example_dags/example_short_circuit_decorator.py                                                   1           0  0.62s           2026-08-20T11:16:56                      32
/workspaces/lab-2/.venv/lib/python3.12/site-packages/airflow/example_dags/example_setup_teardown.py                                                            1           0  0.62s           2026-08-20T11:16:58                      32
/workspaces/lab-2/.venv/lib/python3.12/site-packages/airflow/example_dags/example_branch_day_of_week_operator.py                                               1           0  0.62s           2026-08-20T11:17:32                      34
/workspaces/lab-2/.venv/lib/python3.12/site-packages/airflow/example_dags/tutorial.py                                                                          1           0  0.62s           2026-08-20T11:16:41                      34
/workspaces/lab-2/.venv/lib/python3.12/site-packages/airflow/example_dags/example_complex.py                                                                   1           0  0.55s           2026-08-20T11:16:17                      32
/workspaces/lab-2/.venv/lib/python3.12/site-packages/airflow/example_dags/example_python_operator.py                                                           1           0  0.53s           2026-08-20T11:17:01                      32
/workspaces/lab-2/.venv/lib/python3.12/site-packages/airflow/example_dags/example_setup_teardown_taskflow.py                                                   1           0  0.53s           2026-08-20T11:16:55                      32
/workspaces/lab-2/.venv/lib/python3.12/site-packages/airflow/example_dags/example_bash_decorator.py                                                            1           0  0.53s           2026-08-20T11:16:19                      32
/workspaces/lab-2/.venv/lib/python3.12/site-packages/airflow/example_dags/example_branch_operator_decorator.py                                                 1           0  0.52s           2026-08-20T11:17:32                      34
/workspaces/lab-2/.venv/lib/python3.12/site-packages/airflow/example_dags/tutorial_taskflow_api.py                                                             1           0  0.51s           2026-08-20T11:16:33                      32
/workspaces/lab-2/.venv/lib/python3.12/site-packages/airflow/example_dags/example_xcomargs.py                                                                  2           0  0.51s           2026-08-20T11:16:39                      57
/workspaces/lab-2/.venv/lib/python3.12/site-packages/airflow/example_dags/example_branch_datetime_operator.py                                                  3           0  0.44s           2026-08-20T11:17:31                      84
/workspaces/lab-2/.venv/lib/python3.12/site-packages/airflow/example_dags/example_branch_python_dop_operator_3.py                                              1           0  0.41s           2026-08-20T11:16:15                      34
/workspaces/lab-2/.venv/lib/python3.12/site-packages/airflow/example_dags/tutorial_taskflow_api_virtualenv.py                                                  1           0  0.32s           2026-08-20T11:16:37                      32
/workspaces/lab-2/dags/etl_ingestion_dag.py                                                                                                                    0           1  0.24s           2026-08-20T11:17:52                       3
/workspaces/lab-2/.venv/lib/python3.12/site-packages/airflow/example_dags/example_kubernetes_executor.py                                                       0           0  0.23s           2026-08-20T11:17:13                       3
/workspaces/lab-2/.venv/lib/python3.12/site-packages/airflow/example_dags/example_local_kubernetes_executor.py                                                 0           0  0.23s           2026-08-20T11:17:06                       3
/workspaces/lab-2/.venv/lib/python3.12/site-packages/airflow/example_dags/plugins/decreasing_priority_weight_strategy.py                                       0           0  0.22s           2026-08-20T11:16:22                       3
/workspaces/lab-2/.venv/lib/python3.12/site-packages/airflow/example_dags/plugins/event_listener.py                                                            0           0  0.14s           2026-08-20T11:16:26                       3
/workspaces/lab-2/.venv/lib/python3.12/site-packages/airflow/example_dags/plugins/workday.py                                                                   0           0  0.11s           2026-08-20T11:16:25                       3
/workspaces/lab-2/.venv/lib/python3.12/site-packages/airflow/example_dags/subdags/subdag.py                                                                    0           0  0.11s           2026-08-20T11:16:21                       3
/workspaces/lab-2/.venv/lib/python3.12/site-packages/airflow/example_dags/plugins/listener_plugin.py                                                           0           0  0.11s           2026-08-20T11:16:25                       3
================================================================================
[2026-08-20T11:18:54.115+0000] {manager.py:997} INFO - 
================================================================================
DAG File Processing Stats

File Path                                                                                                                             PID    Runtime      # DAGs    # Errors  Last Runtime    Last Run               Last # of DB Queries
------------------------------------------------------------------------------------------------------------------------------------  -----  ---------  --------  ----------  --------------  -------------------  ----------------------
/workspaces/lab-2/.venv/lib/python3.12/site-packages/airflow/example_dags/example_datasets.py                                                                 10           0  1.79s           2026-08-20T11:17:17                     269
/workspaces/lab-2/.venv/lib/python3.12/site-packages/airflow/example_dags/tutorial_objectstorage.py                                                            1           0  1.24s           2026-08-20T11:16:35                      32
/workspaces/lab-2/.venv/lib/python3.12/site-packages/airflow/example_dags/example_dynamic_task_mapping.py                                                      1           0  1.18s           2026-08-20T11:17:14                      32
/workspaces/lab-2/.venv/lib/python3.12/site-packages/airflow/example_dags/example_sensor_decorator.py                                                          1           0  1.16s           2026-08-20T11:17:04                      32
/workspaces/lab-2/.venv/lib/python3.12/site-packages/airflow/example_dags/example_external_task_marker_dag.py                                                  2           0  1.10s           2026-08-20T11:17:15                      57
/workspaces/lab-2/.venv/lib/python3.12/site-packages/airflow/example_dags/example_dataset_alias.py                                                             4           0  1.07s           2026-08-20T11:17:19                     115
/workspaces/lab-2/.venv/lib/python3.12/site-packages/airflow/example_dags/example_latest_only_with_trigger.py                                                  1           0  1.07s           2026-08-20T11:17:05                      34
/workspaces/lab-2/.venv/lib/python3.12/site-packages/airflow/example_dags/example_params_trigger_ui.py                                                         1           0  1.03s           2026-08-20T11:17:07                      32
/workspaces/lab-2/.venv/lib/python3.12/site-packages/airflow/example_dags/example_params_ui_tutorial.py                                                        1           0  1.02s           2026-08-20T11:17:03                      32
/workspaces/lab-2/.venv/lib/python3.12/site-packages/airflow/example_dags/example_time_delta_sensor_async.py                                                   1           0  0.99s           2026-08-20T11:16:53                      32
/workspaces/lab-2/.venv/lib/python3.12/site-packages/airflow/example_dags/example_outlet_event_extra.py                                                        3           0  0.99s           2026-08-20T11:17:08                      85
/workspaces/lab-2/.venv/lib/python3.12/site-packages/airflow/example_dags/example_nested_branch_dag.py                                                         1           0  0.97s           2026-08-20T11:17:09                      34
/workspaces/lab-2/.venv/lib/python3.12/site-packages/airflow/example_dags/example_sensors.py                                                                   1           0  0.96s           2026-08-20T11:16:59                      32
/workspaces/lab-2/.venv/lib/python3.12/site-packages/airflow/example_dags/example_inlet_event_extra.py                                                         2           0  0.95s           2026-08-20T11:17:11                      59
/workspaces/lab-2/.venv/lib/python3.12/site-packages/airflow/example_dags/example_dataset_alias_with_no_taskflow.py                                            4           0  0.94s           2026-08-20T11:17:18                     115
/workspaces/lab-2/.venv/lib/python3.12/site-packages/airflow/example_dags/example_dynamic_task_mapping_with_no_taskflow_operators.py                           1           0  0.94s           2026-08-20T11:17:10                      32
/workspaces/lab-2/.venv/lib/python3.12/site-packages/airflow/example_dags/example_xcom.py                                                                      1           0  0.85s           2026-08-20T11:16:46                      34
/workspaces/lab-2/.venv/lib/python3.12/site-packages/airflow/example_dags/example_passing_params_via_test_command.py                                           1           0  0.85s           2026-08-20T11:17:02                      34
/workspaces/lab-2/.venv/lib/python3.12/site-packages/airflow/example_dags/example_skip_dag.py                                                                  1           0  0.84s           2026-08-20T11:16:59                      34
/workspaces/lab-2/.venv/lib/python3.12/site-packages/airflow/example_dags/example_display_name.py                                                              1           0  0.84s           2026-08-20T11:17:12                      32
/workspaces/lab-2/.venv/lib/python3.12/site-packages/airflow/example_dags/example_subdag_operator.py                                                           3           0  0.83s           2026-08-20T11:16:52                      42
/workspaces/lab-2/.venv/lib/python3.12/site-packages/airflow/example_dags/example_bash_operator.py                                                             1           0  0.83s           2026-08-20T11:17:31                      34
/workspaces/lab-2/.venv/lib/python3.12/site-packages/airflow/example_dags/example_task_group_decorator.py                                                      1           0  0.83s           2026-08-20T11:16:54                      32
/workspaces/lab-2/.venv/lib/python3.12/site-packages/airflow/example_dags/example_python_decorator.py                                                          1           0  0.78s           2026-08-20T11:17:00                      32
/workspaces/lab-2/.venv/lib/python3.12/site-packages/airflow/example_dags/example_latest_only.py                                                               1           0  0.77s           2026-08-20T11:17:08                      34
/workspaces/lab-2/.venv/lib/python3.12/site-packages/airflow/example_dags/example_task_group.py                                                                1           0  0.76s           2026-08-20T11:16:55                      32
/workspaces/lab-2/.venv/lib/python3.12/site-packages/airflow/example_dags/example_dag_decorator.py                                                             1           0  0.75s           2026-08-20T11:17:20                      32
/workspaces/lab-2/.venv/lib/python3.12/site-packages/airflow/example_dags/tutorial_dag.py                                                                      1           0  0.73s           2026-08-20T11:16:48                      32
/workspaces/lab-2/.venv/lib/python3.12/site-packages/airflow/example_dags/example_short_circuit_operator.py                                                    1           0  0.73s           2026-08-20T11:16:57                      32
/workspaces/lab-2/.venv/lib/python3.12/site-packages/airflow/example_dags/example_sla_dag.py                                                                   1           0  0.73s           2026-08-20T11:16:50                      41
/workspaces/lab-2/.venv/lib/python3.12/site-packages/airflow/example_dags/example_trigger_target_dag.py                                                        1           0  0.72s           2026-08-20T11:16:43                      32
/workspaces/lab-2/.venv/lib/python3.12/site-packages/airflow/example_dags/example_trigger_controller_dag.py                                                    1           0  0.67s           2026-08-20T11:16:51                      34
/workspaces/lab-2/.venv/lib/python3.12/site-packages/airflow/example_dags/example_branch_labels.py                                                             1           0  0.66s           2026-08-20T11:17:33                      34
/workspaces/lab-2/.venv/lib/python3.12/site-packages/airflow/example_dags/example_branch_operator.py                                                           1           0  0.64s           2026-08-20T11:17:29                      34
/workspaces/lab-2/.venv/lib/python3.12/site-packages/airflow/example_dags/example_workday_timetable.py                                                         1           0  0.63s           2026-08-20T11:16:44                      34
/workspaces/lab-2/.venv/lib/python3.12/site-packages/airflow/example_dags/example_short_circuit_decorator.py                                                   1           0  0.62s           2026-08-20T11:16:56                      32
/workspaces/lab-2/.venv/lib/python3.12/site-packages/airflow/example_dags/example_setup_teardown.py                                                            1           0  0.62s           2026-08-20T11:16:58                      32
/workspaces/lab-2/.venv/lib/python3.12/site-packages/airflow/example_dags/example_branch_day_of_week_operator.py                                               1           0  0.62s           2026-08-20T11:17:32                      34
/workspaces/lab-2/.venv/lib/python3.12/site-packages/airflow/example_dags/tutorial.py                                                                          1           0  0.62s           2026-08-20T11:16:41                      34
/workspaces/lab-2/.venv/lib/python3.12/site-packages/airflow/example_dags/example_complex.py                                                                   1           0  0.55s           2026-08-20T11:16:17                      32
/workspaces/lab-2/.venv/lib/python3.12/site-packages/airflow/example_dags/example_python_operator.py                                                           1           0  0.53s           2026-08-20T11:17:01                      32
/workspaces/lab-2/.venv/lib/python3.12/site-packages/airflow/example_dags/example_setup_teardown_taskflow.py                                                   1           0  0.53s           2026-08-20T11:16:55                      32
/workspaces/lab-2/.venv/lib/python3.12/site-packages/airflow/example_dags/example_bash_decorator.py                                                            1           0  0.53s           2026-08-20T11:16:19                      32
/workspaces/lab-2/.venv/lib/python3.12/site-packages/airflow/example_dags/example_branch_operator_decorator.py                                                 1           0  0.52s           2026-08-20T11:17:32                      34
/workspaces/lab-2/.venv/lib/python3.12/site-packages/airflow/example_dags/tutorial_taskflow_api.py                                                             1           0  0.51s           2026-08-20T11:16:33                      32
/workspaces/lab-2/.venv/lib/python3.12/site-packages/airflow/example_dags/example_xcomargs.py                                                                  2           0  0.51s           2026-08-20T11:16:39                      57
/workspaces/lab-2/.venv/lib/python3.12/site-packages/airflow/example_dags/example_branch_datetime_operator.py                                                  3           0  0.44s           2026-08-20T11:17:31                      84
/workspaces/lab-2/.venv/lib/python3.12/site-packages/airflow/example_dags/example_branch_python_dop_operator_3.py                                              1           0  0.41s           2026-08-20T11:16:15                      34
/workspaces/lab-2/.venv/lib/python3.12/site-packages/airflow/example_dags/tutorial_taskflow_api_virtualenv.py                                                  1           0  0.32s           2026-08-20T11:16:37                      32
/workspaces/lab-2/.venv/lib/python3.12/site-packages/airflow/example_dags/plugins/listener_plugin.py                                                           0           0  0.25s           2026-08-20T11:18:54                       3
/workspaces/lab-2/dags/etl_ingestion_dag.py                                                                                                                    0           1  0.24s           2026-08-20T11:17:52                       3
/workspaces/lab-2/.venv/lib/python3.12/site-packages/airflow/example_dags/plugins/decreasing_priority_weight_strategy.py                                       0           0  0.24s           2026-08-20T11:17:53                       3
/workspaces/lab-2/.venv/lib/python3.12/site-packages/airflow/example_dags/example_kubernetes_executor.py                                                       0           0  0.23s           2026-08-20T11:17:13                       3
/workspaces/lab-2/.venv/lib/python3.12/site-packages/airflow/example_dags/subdags/subdag.py                                                                    0           0  0.23s           2026-08-20T11:17:52                       3
/workspaces/lab-2/.venv/lib/python3.12/site-packages/airflow/example_dags/example_local_kubernetes_executor.py                                                 0           0  0.23s           2026-08-20T11:17:06                       3
/workspaces/lab-2/.venv/lib/python3.12/site-packages/airflow/example_dags/plugins/event_listener.py                                                            0           0  0.14s           2026-08-20T11:16:26                       3
/workspaces/lab-2/.venv/lib/python3.12/site-packages/airflow/example_dags/plugins/workday.py                                                                   0           0  0.11s           2026-08-20T11:16:25                       3
================================================================================
